order_index,var_rean_df3,variable,table,order_rean_df2_tables,coded_na_values,is_coded,var_in_rean_df2
0,meta_id_ssn,ssn,REAN_00,1,,FALSE,TRUE
1,meta_loc_unit,unit,REAN_00,2,,FALSE,TRUE
2,meta_loc_site,site,REAN_00,3,,FALSE,TRUE
3,meta_loc_subsite,subsite,REAN_00,4,,FALSE,TRUE
4,meta_comment_admin,comment_admin,REAN_00,5,,FALSE,TRUE
0,meta_id_ssn,ssn,REAN_01,1001,,FALSE,TRUE
5,meta_time_yearmon,rean_yearmon,REAN_01,1002,,FALSE,TRUE
6,meta_time_month,rean_month,REAN_01,1003,,FALSE,TRUE
7,meta_time_year,rean_year,REAN_01,1004,,FALSE,TRUE
8,meta_pers_banos,analyst_banos,REAN_01,1005,,FALSE,TRUE
9,meta_pers_ortega,analyst_ortega,REAN_01,1006,,FALSE,TRUE
10,meta_pers_avilaand,analyst_avilaand,REAN_01,1007,,FALSE,TRUE
11,meta_pers_avilaang,analyst_avilaang,REAN_01,1008,,FALSE,TRUE
12,meta_pers_rattray,analyst_rattray,REAN_01,1009,,FALSE,TRUE
13,cer_reans_total_ct,certot_rean,REAN_01,1010,,FALSE,TRUE
14,cer_df9_total_ct,certot_df9,REAN_01,1011,,FALSE,TRUE
15,cer_cuan_phtot,cuantot,REAN_01,1012,,FALSE,TRUE
16,cer_patl_phtot,patltot,REAN_01,1013,,FALSE,TRUE
17,cer_tzac_phtot,tzactot,REAN_01,1014,,FALSE,TRUE
18,cer_micc_phtot,micctot,REAN_01,1015,,FALSE,TRUE
19,cer_tlam_phtot,tlamtot,REAN_01,1016,,FALSE,TRUE
20,cer_xola_phtot,xolatot,REAN_01,1017,,FALSE,TRUE
21,cer_mete_phtot,metetot,REAN_01,1018,,FALSE,TRUE
22,cer_coyo_phtot,coyotot,REAN_01,1019,,FALSE,TRUE
23,cer_maza_phtot,mazatot,REAN_01,1020,,FALSE,TRUE
24,cer_aztec_phtot,aztetot,REAN_01,1021,,FALSE,TRUE
25,cer_rto_bowl_hemi,rtohemi,REAN_01,1022,,FALSE,TRUE
26,cer_rto_bowl_everted,rtoeverted,REAN_01,1023,,FALSE,TRUE
27,cer_tto,tto,REAN_01,1024,,FALSE,TRUE
28,cer_cto_amphora,cto,REAN_01,1025,,FALSE,TRUE
0,meta_id_ssn,ssn,REAN_02,2001,,FALSE,TRUE
29,cer_rto_incised,rtoincised,REAN_02,2002,,FALSE,TRUE
30,cer_rto_punctate,rtopunctate,REAN_02,2003,,FALSE,TRUE
31,cer_rto_vase,rtovase,REAN_02,2004,,FALSE,TRUE
32,cer_rto_mini,rtomini,REAN_02,2005,,FALSE,TRUE
33,cer_rto_molded,rtomolded,REAN_02,2006,,FALSE,TRUE
34,cer_rto_jar,rtojar,REAN_02,2007,,FALSE,TRUE
35,cer_brnshd_olla_tot,ollatot,REAN_02,2008,,FALSE,TRUE
36,cer_brnshd_olla_patl,ollapatl,REAN_02,2009,,FALSE,TRUE
37,cer_brnshd_olla_tzac,ollatzac,REAN_02,2010,,FALSE,TRUE
38,cer_brnshd_olla_micc,ollamicc,REAN_02,2011,,FALSE,TRUE
39,cer_brnshd_olla_tlam,ollatlam,REAN_02,2012,,FALSE,TRUE
40,cer_brnshd_olla_xola,ollaxola,REAN_02,2013,,FALSE,TRUE
41,cer_brnshd_olla_mete,ollamete,REAN_02,2014,,FALSE,TRUE
42,cer_redrim_olla_tot,rrollatot,REAN_02,2015,,FALSE,TRUE
43,cer_redrim_olla_xola,rrollaxola,REAN_02,2016,,FALSE,TRUE
44,cer_redrim_olla_mete,rrollamete,REAN_02,2017,,FALSE,TRUE
45,cer_brnshd_jar_tot,jartot,REAN_02,2018,,FALSE,TRUE
46,cer_brnshd_jar_micc,jarmicc,REAN_02,2019,,FALSE,TRUE
47,cer_brnshd_jar_tlam,jartlam,REAN_02,2020,,FALSE,TRUE
48,cer_brnshd_jar_xola,jarxola,REAN_02,2021,,FALSE,TRUE
49,cer_brnshd_jar_mete,jarmete,REAN_02,2022,,FALSE,TRUE
50,cer_comal_tot,comaltot,REAN_02,2023,,FALSE,TRUE
0,meta_id_ssn,ssn,REAN_03,3001,,FALSE,TRUE
51,cer_comal_micc,comalmicc,REAN_03,3002,,FALSE,TRUE
52,cer_comal_tlam,comaltlam,REAN_03,3003,,FALSE,TRUE
53,cer_comal_xola,comalxola,REAN_03,3004,,FALSE,TRUE
54,cer_comal_mete,comalmete,REAN_03,3005,,FALSE,TRUE
55,cer_bobas_plain_tot,basinbowltot,REAN_03,3006,,FALSE,TRUE
56,cer_bobas_plain_micc,basinbowlmicc,REAN_03,3007,,FALSE,TRUE
57,cer_bobas_plain_tlam,basinbowltlam,REAN_03,3008,,FALSE,TRUE
58,cer_bobas_plain_xola,basinbowlxola,REAN_03,3009,,FALSE,TRUE
59,cer_bobas_plain_mete,basinbowlmete,REAN_03,3010,,FALSE,TRUE
60,cer_cazuelacrater_tot,cazuelacratertot,REAN_03,3011,,FALSE,TRUE
61,cer_cazuelacrater_micc,cazuelacratermicc,REAN_03,3012,,FALSE,TRUE
62,cer_cazuelacrater_tlam,cazuelacratertlam,REAN_03,3013,,FALSE,TRUE
63,cer_cazuelacrater_xola,cazuelacraterxola,REAN_03,3014,,FALSE,TRUE
64,cer_cazuelacrater_mete,cazuelacratermete,REAN_03,3015,,FALSE,TRUE
65,cer_smo_crater_tot,smocratertot,REAN_03,3016,,FALSE,TRUE
66,cer_smo_crater_xola,smocraterxola,REAN_03,3017,,FALSE,TRUE
67,cer_smo_crater_mete,smocratermete,REAN_03,3018,,FALSE,TRUE
68,cer_smo_smoamphtot_tot,smoamphtot,REAN_03,3019,,FALSE,TRUE
69,cer_smo_amphora_xola,smoamphxola,REAN_03,3020,,FALSE,TRUE
70,cer_smo_amphora_mete,smoamphmete,REAN_03,3021,,FALSE,TRUE
71,cer_smo_scrapedbasin_tot,smoscrbasintot,REAN_03,3022,,FALSE,TRUE
72,cer_smo_scrapedbasin_xola,smoscrbasinxola,REAN_03,3023,,FALSE,TRUE
0,meta_id_ssn,ssn,REAN_04,4001,,FALSE,TRUE
73,cer_smo_scrapedbasin_mete,smoscrbasinmete,REAN_04,4002,,FALSE,TRUE
74,cer_crater_red_tot,redcratertot,REAN_04,4003,,FALSE,TRUE
75,cer_crater_red_xola,redcraterxola,REAN_04,4004,,FALSE,TRUE
76,cer_crater_red_mete,redcratermete,REAN_04,4005,,FALSE,TRUE
77,cer_vase_red_tot,redvasetot,REAN_04,4006,,FALSE,TRUE
78,cer_vase_red_tlam,redvasetlam,REAN_04,4007,,FALSE,TRUE
79,cer_vase_red_xola,redvasexola,REAN_04,4008,,FALSE,TRUE
80,cer_vase_red_mete,redvasemete,REAN_04,4009,,FALSE,TRUE
81,cer_jar_red_tot,redjartot,REAN_04,4010,,FALSE,TRUE
82,cer_jar_red_xola,redjarxola,REAN_04,4011,,FALSE,TRUE
83,cer_jar_red_mete,redjarmete,REAN_04,4012,,FALSE,TRUE
84,cer_bowl_red_tot,redbowltot,REAN_04,4013,,FALSE,TRUE
85,cer_bowl_red_xola,redbowlxola,REAN_04,4014,,FALSE,TRUE
86,cer_bowl_red_mete,redbowlmete,REAN_04,4015,,FALSE,TRUE
87,cer_bowl_rn_tot,rnbowltot,REAN_04,4016,,FALSE,TRUE
88,cer_bowl_rn_tlam,rnbowltlam,REAN_04,4017,,FALSE,TRUE
89,cer_bowl_rn_xola,rnbowlxola,REAN_04,4018,,FALSE,TRUE
90,cer_bowl_rn_mete,rnbowlmete,REAN_04,4019,,FALSE,TRUE
91,cer_crater_rn_tot,rncratertot,REAN_04,4020,,FALSE,TRUE
92,cer_crater_rn_xola,rncraterxola,REAN_04,4021,,FALSE,TRUE
93,cer_crater_rn_mete,rncratermete,REAN_04,4022,,FALSE,TRUE
94,cer_basin_rn_tot,rnbasintot,REAN_04,4023,,FALSE,TRUE
0,meta_id_ssn,ssn,REAN_05,5001,,FALSE,TRUE
95,cer_basin_rn_xola,rnbasinxola,REAN_05,5002,,FALSE,TRUE
96,cer_basin_rn_mete,rnbasinmete,REAN_05,5003,,FALSE,TRUE
97,cer_vase_rn_tot,rnvasetot,REAN_05,5004,,FALSE,TRUE
98,cer_vase_rn_tlam,rnvasetlam,REAN_05,5005,,FALSE,TRUE
99,cer_vase_rn_xola,rnvasexola,REAN_05,5006,,FALSE,TRUE
100,cer_vase_rn_mete,rnvasemete,REAN_05,5007,,FALSE,TRUE
101,cer_ridged_rn_tot,rnridgedtot,REAN_05,5008,,FALSE,TRUE
102,cer_ridged_rn_xola,rnridgedxola,REAN_05,5009,,FALSE,TRUE
103,cer_ridged_rn_mete,rnridgedmete,REAN_05,5010,,FALSE,TRUE
104,cer_jar_rn_tot,rnjartot,REAN_05,5011,,FALSE,TRUE
105,cer_jar_rn_tlam,rnjartlam,REAN_05,5012,,FALSE,TRUE
106,cer_jar_rn_xola,rnjarxola,REAN_05,5013,,FALSE,TRUE
107,cer_jar_rn_mete,rnjarmete,REAN_05,5014,,FALSE,TRUE
108,cer_tzac_wr,redtzac,REAN_05,5015,,FALSE,TRUE
109,cer_tzac_pc,polychrometzac,REAN_05,5016,,FALSE,TRUE
110,cer_tzac_resist,resisttzac,REAN_05,5017,,FALSE,TRUE
111,cer_burner_3p,burner,REAN_05,5018,,FALSE,TRUE
112,cer_censer_tot,censertot,REAN_05,5019,,FALSE,TRUE
113,cer_censer_micc,censermicc,REAN_05,5020,,FALSE,TRUE
114,cer_censer_tlam,censertlam,REAN_05,5021,,FALSE,TRUE
115,cer_censer_xola,censerxola,REAN_05,5022,,FALSE,TRUE
116,cer_censer_mete,censermete,REAN_05,5023,,FALSE,TRUE
0,meta_id_ssn,ssn,REAN_06,6001,,FALSE,TRUE
117,cer_censer_frag_unk,burnercenser,REAN_06,6002,,FALSE,TRUE
118,cer_matte_censeradorno,censeradorno,REAN_06,6003,,FALSE,TRUE
119,cer_matte_mini,miniature,REAN_06,6004,,FALSE,TRUE
120,cer_matte_handledcover,handledcover,REAN_06,6005,,FALSE,TRUE
121,cer_polblack_tot,polblacktot,REAN_06,6006,,FALSE,TRUE
122,cer_polblack_micc,polblackmicc,REAN_06,6007,,FALSE,TRUE
123,cer_polblack_tlam,polblacktlam,REAN_06,6008,,FALSE,TRUE
124,cer_polblack_xola,polblackxola,REAN_06,6009,,FALSE,TRUE
125,cer_polblack_mete,polblackmete,REAN_06,6010,,FALSE,TRUE
126,cer_pattpol_tot,pattpoltot,REAN_06,6011,,FALSE,TRUE
127,cer_pattpol_micc,pattpolmicc,REAN_06,6012,,FALSE,TRUE
128,cer_pattpol_tlam,pattpoltlam,REAN_06,6013,,FALSE,TRUE
129,cer_pattpol_xola,pattpolxola,REAN_06,6014,,FALSE,TRUE
130,cer_pattpol_mete,pattpolmete,REAN_06,6015,,FALSE,TRUE
131,cer_lustrousware,lustrous,REAN_06,6016,,FALSE,TRUE
132,cer_copaware_tot,copatot,REAN_06,6017,,FALSE,TRUE
133,cer_copaware_xola,copaxola,REAN_06,6018,,FALSE,TRUE
134,cer_copaware_mete,copamete,REAN_06,6019,,FALSE,TRUE
135,cer_denseware,denseware,REAN_06,6020,,FALSE,TRUE
136,cer_vase_lid,lid,REAN_06,6021,,FALSE,TRUE
137,cer_planorelief,planorelief,REAN_06,6022,,FALSE,TRUE
138,cer_incised_reg_tot,incisedregtot,REAN_06,6023,,FALSE,TRUE
0,meta_id_ssn,ssn,REAN_07,7001,,FALSE,TRUE
139,cer_incised_reg_micc,incisedregmicc,REAN_07,7002,,FALSE,TRUE
140,cer_incised_reg_tlam,incisedregtlam,REAN_07,7003,,FALSE,TRUE
141,cer_incised_reg_xola,incisedregxola,REAN_07,7004,,FALSE,TRUE
142,cer_incised_reg_mete,incisedregmete,REAN_07,7005,,FALSE,TRUE
143,cer_incised_cross_tot,incisedcrosstot,REAN_07,7006,,FALSE,TRUE
144,cer_incised_cross_micc,incisedcrossmicc,REAN_07,7007,,FALSE,TRUE
145,cer_incised_cross_tlam,incisedcrosstlam,REAN_07,7008,,FALSE,TRUE
146,cer_incised_cross_xola,incisedcrossxola,REAN_07,7009,,FALSE,TRUE
147,cer_incised_scratch_tot,incisedscratchtot,REAN_07,7010,,FALSE,TRUE
148,cer_incised_scratch_xola,incisedscratchxola,REAN_07,7011,,FALSE,TRUE
149,cer_incised_scratch_mete,incisedscratchmete,REAN_07,7012,,FALSE,TRUE
150,cer_incised_groove_tot,incisedgroovetot,REAN_07,7013,,FALSE,TRUE
151,cer_incised_groove_tlam,incisedgroovetlam,REAN_07,7014,,FALSE,TRUE
152,cer_incised_groove_xola,incisedgroovexola,REAN_07,7015,,FALSE,TRUE
153,cer_incised_groove_mete,incisedgroovemete,REAN_07,7016,,FALSE,TRUE
154,cer_incised_gouge_tot,incisedgougetot,REAN_07,7017,,FALSE,TRUE
155,cer_incised_gouge_micc,incisedgougemicc,REAN_07,7018,,FALSE,TRUE
156,cer_incised_gouge_tlam,incisedgougetlam,REAN_07,7019,,FALSE,TRUE
157,cer_incised_gouge_xola,incisedgougexola,REAN_07,7020,,FALSE,TRUE
158,cer_incised_gouge_mete,incisedgougemete,REAN_07,7021,,FALSE,TRUE
159,cer_sup_nubbin_tot,supnubbintot,REAN_07,7022,,FALSE,TRUE
160,cer_sup_nubbin_micc,supnubbinmicc,REAN_07,7023,,FALSE,TRUE
0,meta_id_ssn,ssn,REAN_08,8001,,FALSE,TRUE
161,cer_sup_nubbin_tlam,supnubbintlam,REAN_08,8002,,FALSE,TRUE
162,cer_sup_nubbin_xola,supnubbinxola,REAN_08,8003,,FALSE,TRUE
163,cer_sup_nubbin_mete,supnubbinmete,REAN_08,8004,,FALSE,TRUE
164,cer_sup_round_tot,suproundtot,REAN_08,8005,,FALSE,TRUE
165,cer_sup_round_tlam,suproundtlam,REAN_08,8006,,FALSE,TRUE
166,cer_sup_round_xola,suproundxola,REAN_08,8007,,FALSE,TRUE
167,cer_sup_slab_tot,supslabtot,REAN_08,8008,,FALSE,TRUE
168,cer_sup_slab_tlam,supslabtlam,REAN_08,8009,,FALSE,TRUE
169,cer_sup_slab_xola,supslabxola,REAN_08,8010,,FALSE,TRUE
170,cer_sup_ring_tot,supring,REAN_08,8011,,FALSE,TRUE
171,cer_polvase_tot,polvasetot,REAN_08,8012,,FALSE,TRUE
172,cer_polvase_micc,polvasemicc,REAN_08,8013,,FALSE,TRUE
173,cer_polvase_tlam,polvasetlam,REAN_08,8014,,FALSE,TRUE
174,cer_polvase_xola,polvasexola,REAN_08,8015,,FALSE,TRUE
175,cer_polvase_mete,polvasemete,REAN_08,8016,,FALSE,TRUE
176,cer_outcurvbowl_tot,ocbowltot,REAN_08,8017,,FALSE,TRUE
177,cer_outcurvbowl_micc,ocbowlmicc,REAN_08,8018,,FALSE,TRUE
178,cer_outcurvbowl_tlam,ocbowltlam,REAN_08,8019,,FALSE,TRUE
179,cer_outcurvbowl_xola,ocbowlxola,REAN_08,8020,,FALSE,TRUE
180,cer_outcurvbowl_mete,ocbowlmete,REAN_08,8021,,FALSE,TRUE
181,cer_formadorno_tot,formadornotot,REAN_08,8022,,FALSE,TRUE
182,cer_formadorno_tlam,formadornotlam,REAN_08,8023,,FALSE,TRUE
0,meta_id_ssn,ssn,REAN_09,9001,,FALSE,TRUE
183,cer_formadorno_xola,formadornoxola,REAN_09,9002,,FALSE,TRUE
184,cer_polbowl_tot,polbowltot,REAN_09,9003,,FALSE,TRUE
185,cer_polbowl_tzac,polbowltzac,REAN_09,9004,,FALSE,TRUE
186,cer_polbowl_micc,polbowlmicc,REAN_09,9005,,FALSE,TRUE
187,cer_polbowl_tlam,polbowltlam,REAN_09,9006,,FALSE,TRUE
188,cer_polbowl_xola,polbowlxola,REAN_09,9007,,FALSE,TRUE
189,cer_polbowl_mete,polbowlmete,REAN_09,9008,,FALSE,TRUE
190,cer_florero_tot,florerotot,REAN_09,9009,,FALSE,TRUE
191,cer_florero_micc,floreromicc,REAN_09,9010,,FALSE,TRUE
192,cer_florero_tlam,florerotlam,REAN_09,9011,,FALSE,TRUE
193,cer_florero_xola,floreroxola,REAN_09,9012,,FALSE,TRUE
194,cer_tlalocvessel,tlalocvessel,REAN_09,9013,,FALSE,TRUE
0,meta_id_ssn,ssn,REAN_10,10001,,FALSE,TRUE
195,cer_d420,d420,REAN_10,10002,,FALSE,TRUE
196,cer_d970,d970,REAN_10,10003,,FALSE,TRUE
197,cer_d976,d976,REAN_10,10004,,FALSE,TRUE
198,cer_d1100,d1100,REAN_10,10005,,FALSE,TRUE
0,meta_id_ssn,ssn,REAN_aux_obs,20001,,FALSE,TRUE
199,cer_aux_to_total,to_total,REAN_aux_obs,20002,,FALSE,TRUE
200,cer_aux_to_adorno,to_adorno,REAN_aux_obs,20003,,FALSE,TRUE
201,cer_aux_to_nubbin,to_nubbin,REAN_aux_obs,20004,,FALSE,TRUE
202,cer_aux_to_slab,to_slab,REAN_aux_obs,20005,,FALSE,TRUE
203,cer_aux_to_lid,to_lid,REAN_aux_obs,20006,,FALSE,TRUE
204,cer_aux_xol_tto,xol_tto,REAN_aux_obs,20007,,FALSE,TRUE
205,cer_aux_met_tto,met_tto,REAN_aux_obs,20008,,FALSE,TRUE
206,cer_aux_xolo,xol_cto,REAN_aux_obs,20009,,FALSE,TRUE
207,cer_aux_meto,met_cto,REAN_aux_obs,20010,,FALSE,TRUE
208,cer_aux_tlajinga,tlajinga,REAN_aux_obs,20011,,FALSE,TRUE
209,cer_aux_comment_aux_obs,comment_aux_obs,REAN_aux_obs,20012,,FALSE,TRUE
0,meta_id_ssn,ssn,REAN_fc_adds,21001,,FALSE,TRUE
210,meta_fc_reanspres,reanspres,REAN_fc_adds,21002,,FALSE,TRUE
211,meta_fc_fcpres,fcpres,REAN_fc_adds,21003,,FALSE,TRUE
212,meta_fc_coded,coded,REAN_fc_adds,21004,,FALSE,TRUE
213,meta_fc_prev_add,prevadd,REAN_fc_adds,21005,,FALSE,TRUE
214,meta_fc_future_add,futureadd,REAN_fc_adds,21006,,FALSE,TRUE
215,meta_fc_mrh_misplaced_collections,mrh_misplaced_collections,REAN_fc_adds,21007,,FALSE,TRUE
216,meta_fc_new_add,newadd,REAN_fc_adds,21008,,FALSE,TRUE
217,meta_fc_new_add_nt,newaddnt,REAN_fc_adds,21009,,FALSE,TRUE
218,meta_fc_comment_meta_fc_adds,comment_fc_adds,REAN_fc_adds,21010,,FALSE,TRUE
219,meta_fc_temp_to_flag,tempto_flag,REAN_fc_adds,21011,,FALSE,TRUE
220,meta_fc_temp_to_shift,tempto_shift,REAN_fc_adds,21012,,FALSE,TRUE
221,meta_fc_temp_to_in,tempto_in,REAN_fc_adds,21013,,FALSE,TRUE
222,meta_fc_temp_to_out,tempto_out,REAN_fc_adds,21014,,FALSE,TRUE
223,meta_fc_reanspres_unk,reanspres_unk,REAN_fc_adds,21015,,FALSE,TRUE
224,meta_fc_fcpres_unk,fcpres_unk,REAN_fc_adds,21016,,FALSE,TRUE
225,meta_fc_coded_unk,coded_unk,REAN_fc_adds,21017,,FALSE,TRUE
226,meta_fc_reanspres_abs,reanspres_abs,REAN_fc_adds,21018,,FALSE,TRUE
227,meta_fc_fcpres_abs,fcpres_abs,REAN_fc_adds,21019,,FALSE,TRUE
228,meta_fc_coded_abs,coded_abs,REAN_fc_adds,21020,,FALSE,TRUE
229,meta_has_rean_data,,,,,FALSE,FALSE
