order_index,variable_df11,variable_df8,table_df8,var_in_df8,coded_na_values_df8,order_df8_tables,variable_df9,table_df9,var_in_df9,coded_na_values_df9,order_df9_tables,code_table_df9,code_col_df9,label_col_df9,variable_df10,table_df10,long_format_df10,var_in_df10,df10_removed,df10_merged,df10_aggregated_var,df10_aggregated_var_df11_mergedvars,CodedVar,varCodesValues
0,meta_id_ssn,ssn,,TRUE,,,SSN,,TRUE,,,,,,SSN,,,TRUE,FALSE,FALSE,FALSE,,FALSE,
1,meta_loc_site,site,v301,TRUE,,31002,site,location,TRUE,,2,,,,Site,provTable,FALSE,TRUE,FALSE,FALSE,FALSE,,FALSE,
2,meta_loc_subsite,subsite,v401,TRUE,NONE,41002,subsite,location,TRUE,NONE,3,,,,Subsite,provTable,FALSE,TRUE,FALSE,FALSE,FALSE,,FALSE,
3,meta_loc_unit,unit,v401,TRUE,,41003,unit,location,TRUE,,4,,,,Unit,provTable,FALSE,TRUE,FALSE,FALSE,FALSE,,FALSE,
4,meta_loc_northing,northing,v401,TRUE,-999,41004,northing,location,TRUE,-999,5,,,,Northing,provTable,FALSE,TRUE,FALSE,FALSE,FALSE,,FALSE,
5,meta_loc_easting,easting,v401,TRUE,-999,41005,easting,location,TRUE,-999,6,,,,Easting,provTable,FALSE,TRUE,FALSE,FALSE,FALSE,,FALSE,
6,meta_pers_field1,fldwrk1,v201,TRUE,-1,1002,fieldWorkers1,fieldWorkers,TRUE,-1,16002,Codes_personnel,code,description,workFie1,codeTable,TRUE,TRUE,FALSE,FALSE,FALSE,,TRUE,1=Rene Millon; 2=Bruce Drewitt; 3=James A. Bennyhoff; 4=Pedro Banos; 5=George L. Cowgill; 6=Michael W. Spence; 7=Matthew Wallrath; 8=Joseph D. Marino; 9=Warren T. D. Barbour; 10=Arnulfo de Lucio; 11=Jose de Lucio; 12=Darlena K. Blucher; 13=Daniel W. Hungerford; 14=Donald R. Sutherland; 15=S. Jeffrey K. Wilkerson; 16=Steve M. Sharnoff; 17=Silvestre Sanchez; 18=Charles K. Fletcher; 19=Charles C. Kolb; 20=Clara Millon; 21=Wendy Drewitt; 22=James W. Dow; 23=Mario de Lucio; 24=Paul Shankman; 25=Chris D. Dodds; 26=G. Raymond Krotser; 27=A. Jane Quisenberry; 28=Michael S. West; 29=Dan B. Bruhns; 30=Karen O. Bruhns; 31=Silvia G. Duran; 32=Erica West
7,meta_pers_field2,fldwrk2,v201,TRUE,-1,1003,fieldWorkers2,fieldWorkers,TRUE,-1,16003,Codes_personnel,code,description,workFie2,codeTable,TRUE,TRUE,FALSE,FALSE,FALSE,,TRUE,1=Rene Millon; 2=Bruce Drewitt; 3=James A. Bennyhoff; 4=Pedro Banos; 5=George L. Cowgill; 6=Michael W. Spence; 7=Matthew Wallrath; 8=Joseph D. Marino; 9=Warren T. D. Barbour; 10=Arnulfo de Lucio; 11=Jose de Lucio; 12=Darlena K. Blucher; 13=Daniel W. Hungerford; 14=Donald R. Sutherland; 15=S. Jeffrey K. Wilkerson; 16=Steve M. Sharnoff; 17=Silvestre Sanchez; 18=Charles K. Fletcher; 19=Charles C. Kolb; 20=Clara Millon; 21=Wendy Drewitt; 22=James W. Dow; 23=Mario de Lucio; 24=Paul Shankman; 25=Chris D. Dodds; 26=G. Raymond Krotser; 27=A. Jane Quisenberry; 28=Michael S. West; 29=Dan B. Bruhns; 30=Karen O. Bruhns; 31=Silvia G. Duran; 32=Erica West
8,meta_pers_field3,fldwrk3,v201,TRUE,-1,1004,fieldWorkers3,fieldWorkers,TRUE,-1,16004,Codes_personnel,code,description,workFie3,codeTable,TRUE,TRUE,FALSE,FALSE,FALSE,,TRUE,1=Rene Millon; 2=Bruce Drewitt; 3=James A. Bennyhoff; 4=Pedro Banos; 5=George L. Cowgill; 6=Michael W. Spence; 7=Matthew Wallrath; 8=Joseph D. Marino; 9=Warren T. D. Barbour; 10=Arnulfo de Lucio; 11=Jose de Lucio; 12=Darlena K. Blucher; 13=Daniel W. Hungerford; 14=Donald R. Sutherland; 15=S. Jeffrey K. Wilkerson; 16=Steve M. Sharnoff; 17=Silvestre Sanchez; 18=Charles K. Fletcher; 19=Charles C. Kolb; 20=Clara Millon; 21=Wendy Drewitt; 22=James W. Dow; 23=Mario de Lucio; 24=Paul Shankman; 25=Chris D. Dodds; 26=G. Raymond Krotser; 27=A. Jane Quisenberry; 28=Michael S. West; 29=Dan B. Bruhns; 30=Karen O. Bruhns; 31=Silvia G. Duran; 32=Erica West
9,meta_pers_field4,fldwrk4,v201,TRUE,-1,1005,fieldWorkers4,fieldWorkers,TRUE,-1,16005,Codes_personnel,code,description,workFie4,codeTable,TRUE,TRUE,FALSE,FALSE,FALSE,,TRUE,1=Rene Millon; 2=Bruce Drewitt; 3=James A. Bennyhoff; 4=Pedro Banos; 5=George L. Cowgill; 6=Michael W. Spence; 7=Matthew Wallrath; 8=Joseph D. Marino; 9=Warren T. D. Barbour; 10=Arnulfo de Lucio; 11=Jose de Lucio; 12=Darlena K. Blucher; 13=Daniel W. Hungerford; 14=Donald R. Sutherland; 15=S. Jeffrey K. Wilkerson; 16=Steve M. Sharnoff; 17=Silvestre Sanchez; 18=Charles K. Fletcher; 19=Charles C. Kolb; 20=Clara Millon; 21=Wendy Drewitt; 22=James W. Dow; 23=Mario de Lucio; 24=Paul Shankman; 25=Chris D. Dodds; 26=G. Raymond Krotser; 27=A. Jane Quisenberry; 28=Michael S. West; 29=Dan B. Bruhns; 30=Karen O. Bruhns; 31=Silvia G. Duran; 32=Erica West
10,meta_pers_field5,fldwrk5,v201,TRUE,-1,1006,fieldWorkers5,fieldWorkers,TRUE,-1,16006,Codes_personnel,code,description,workFie5,codeTable,TRUE,TRUE,FALSE,FALSE,FALSE,,TRUE,1=Rene Millon; 2=Bruce Drewitt; 3=James A. Bennyhoff; 4=Pedro Banos; 5=George L. Cowgill; 6=Michael W. Spence; 7=Matthew Wallrath; 8=Joseph D. Marino; 9=Warren T. D. Barbour; 10=Arnulfo de Lucio; 11=Jose de Lucio; 12=Darlena K. Blucher; 13=Daniel W. Hungerford; 14=Donald R. Sutherland; 15=S. Jeffrey K. Wilkerson; 16=Steve M. Sharnoff; 17=Silvestre Sanchez; 18=Charles K. Fletcher; 19=Charles C. Kolb; 20=Clara Millon; 21=Wendy Drewitt; 22=James W. Dow; 23=Mario de Lucio; 24=Paul Shankman; 25=Chris D. Dodds; 26=G. Raymond Krotser; 27=A. Jane Quisenberry; 28=Michael S. West; 29=Dan B. Bruhns; 30=Karen O. Bruhns; 31=Silvia G. Duran; 32=Erica West
11,meta_time_survcollect_yr,collyear,v201,TRUE,-1,1007,collectionYear,admin,TRUE,-1,1002,,,,collectionYear,codeTable,TRUE,TRUE,FALSE,FALSE,FALSE,,FALSE,
12,meta_time_survcollect_qtr,collqurt,v201,TRUE,-1,1008,collectionQuarter,admin,TRUE,-1,1003,Codes_quarter,code,description,collectionQuarter,codeTable,TRUE,TRUE,FALSE,FALSE,FALSE,,TRUE,1=December-February; ; 2=March-May ; 3=June-August ; 4=September-November
13,art_chron_lastbuildphase,lstbuild,v201,TRUE,-1,1009,lastBuildPhase,description,TRUE,-1,2008,Codes_lastBuildPhase,code,description,,,,FALSE,TRUE,FALSE,FALSE,,TRUE,"0=insufficient basis for judgement, or Patlachique; 1=Tzacualli; 2=Miccaotli; 3=Tlamimilolpa; 4=Xolalpan; 5=Metepec; 6=Oxtoticpac"
14,arch_burials,burials,v201,TRUE,-1,1010,burials,description,TRUE,-1,2003,Codes_burials,code,description,burials,artifactTable,TRUE,TRUE,FALSE,FALSE,FALSE,,TRUE,"0=none observed; 1=possibly present; evidence destroyed by looting; 2=present, looted; collection not mainly grave material; 3=present, not looted; collection not mainly grave material; 4=present, looted; collection mainly grave material; 5=present, not looted; collection mainly grave material; 6=present, looted; collection entirely grave material; 7=present, not looted; collection entirely grave material; 8=burials possibly present; 9=other"
15,arch_midden,midden,v201,TRUE,-1,1011,midden,description,TRUE,-1,2002,Codes_midden,code,description,midden,artifactTable,TRUE,TRUE,FALSE,FALSE,FALSE,,TRUE,0=not observed; 1=possibly; 2=probably; 3=definitely
16,arch_mat_stonequant,qntstone,v201,TRUE,-1,1012,stoneQuant,archMaterial,TRUE,-1,4002,Codes_stoneQuant,code,description,stoneQuant,codeTable,TRUE,TRUE,FALSE,FALSE,FALSE,,TRUE,0=absent; 1=very sparse; 2=sparse to very sparse; 3=sparse; 4=sparse to moderate; 5=moderate; 6=moderate to abundant; 7=abundant; 8=abundant to very abundant; 9=very abundant
17,arch_mat_stonedist,dststone,v201,TRUE,-1,1013,stoneDist,archMaterial,TRUE,-1,4003,Codes_stoneDist,code,description,stoneDist,codeTable,TRUE,TRUE,FALSE,FALSE,FALSE,,TRUE,1=relatively uniform; 2=localized; 3=variable; 4=heavily modified due to clearing
18,arch_mat_cutstone,cutstone,v202,TRUE,-1,2002,stoneCut,archMaterial,TRUE,-1,4004,Codes_materials,code,description,,,,FALSE,TRUE,FALSE,FALSE,,TRUE,0=none observed; 1=very sparse; 2=sparse; 3=present in unspecified quantity; 4=moderate; 5=abundant; 6=very abundant
19,arch_mat_lajas,lajas,v202,TRUE,-1,2003,lajas,archMaterial,TRUE,-1,4005,Codes_materials,code,description,lajas,codeTable,TRUE,TRUE,FALSE,FALSE,FALSE,,TRUE,0=none observed; 1=very sparse; 2=sparse; 3=present in unspecified quantity; 4=moderate; 5=abundant; 6=very abundant
20,arch_mat_tepetate,tepetate,v202,TRUE,-1,2004,tepetate,archMaterial,TRUE,-1,4006,Codes_materials,code,description,tepetate,codeTable,TRUE,TRUE,FALSE,FALSE,FALSE,,TRUE,0=none observed; 1=very sparse; 2=sparse; 3=present in unspecified quantity; 4=moderate; 5=abundant; 6=very abundant
21,arch_mat_adobe,adobe,v202,TRUE,-1,2005,adobe,archMaterial,TRUE,-1,4007,Codes_materials,code,description,adobe,codeTable,TRUE,TRUE,FALSE,FALSE,FALSE,,TRUE,0=none observed; 1=very sparse; 2=sparse; 3=present in unspecified quantity; 4=moderate; 5=abundant; 6=very abundant
22,arch_mat_xalnene,xalnene,v202,TRUE,-1,2006,xalnene,archMaterial,TRUE,-1,4008,Codes_materials,code,description,xalnene,codeTable,TRUE,TRUE,FALSE,FALSE,FALSE,,TRUE,0=none observed; 1=very sparse; 2=sparse; 3=present in unspecified quantity; 4=moderate; 5=abundant; 6=very abundant
23,arch_mat_cascajo,cascajo,v202,TRUE,-1,2007,cascajo,archMaterial,TRUE,-1,4009,Codes_materials,code,description,cascajo,codeTable,TRUE,TRUE,FALSE,FALSE,FALSE,,TRUE,0=none observed; 1=very sparse; 2=sparse; 3=present in unspecified quantity; 4=moderate; 5=abundant; 6=very abundant
24,arch_mat_concrete,concrete,v202,TRUE,-1,2008,concrete,archMaterial,TRUE,-1,4010,Codes_materials,code,description,concrete,codeTable,TRUE,TRUE,FALSE,FALSE,FALSE,,TRUE,0=none observed; 1=very sparse; 2=sparse; 3=present in unspecified quantity; 4=moderate; 5=abundant; 6=very abundant
25,arch_mat_plasterunpaint,plstrunp,v202,TRUE,-1,2009,plasterUnpaint,archMaterial,TRUE,-1,4012,Codes_materials,code,description,plasterUnpaint,codeTable,TRUE,TRUE,FALSE,FALSE,FALSE,,TRUE,0=none observed; 1=very sparse; 2=sparse; 3=present in unspecified quantity; 4=moderate; 5=abundant; 6=very abundant
26,arch_mat_plasterpaint,plstrpnt,v202,TRUE,-1,2010,plasterPaint,archMaterial,TRUE,-1,4011,Codes_materials,code,description,plasterPaint,codeTable,TRUE,TRUE,FALSE,FALSE,FALSE,,TRUE,0=none observed; 1=very sparse; 2=sparse; 3=present in unspecified quantity; 4=moderate; 5=abundant; 6=very abundant
27,arch_mat_burntclay,burnclay,v202,TRUE,-1,2011,burntClay,archMaterial,TRUE,-1,4013,Codes_materials,code,description,burntClay,codeTable,TRUE,TRUE,FALSE,FALSE,FALSE,,TRUE,0=none observed; 1=very sparse; 2=sparse; 3=present in unspecified quantity; 4=moderate; 5=abundant; 6=very abundant
28,arch_mat_almena,almena,v202,TRUE,-1,2012,almena,archMaterial,TRUE,-1,4014,,,,almena,artifactTable,TRUE,TRUE,FALSE,FALSE,FALSE,,FALSE,
29,arch_mat_burnedstruct,brndstrc,v202,TRUE,-1,2013,burnedStruct,archMaterial,TRUE,-1,4015,Codes_burnedStruct,code,description,burnedStruct,codeTable,TRUE,TRUE,FALSE,FALSE,FALSE,,TRUE,0=absent; 1=present; 2=strong; 3=possible
30,arch_situ_floors,floors,v203,TRUE,-1,3002,floors,archMaterial,TRUE,-1,4016,Codes_archFeatures,code,description,floors,codeTable,TRUE,TRUE,FALSE,FALSE,FALSE,,TRUE,"0=not observed; 1=problematic object that could be part of floor; 2=possible floor, evidence indirect or ambiguous; 3=one floor; 4=two or three floors; 5=four or more floors; 6=floor present, count unspecified; 9=other"
31,arch_situ_walls,walls,v203,TRUE,-1,3003,walls,archMaterial,TRUE,-1,4017,Codes_archFeatures,code,description,walls,codeTable,TRUE,TRUE,FALSE,FALSE,FALSE,,TRUE,"0=not observed; 1=problematic object that could be part of floor; 2=possible floor, evidence indirect or ambiguous; 3=one floor; 4=two or three floors; 5=four or more floors; 6=floor present, count unspecified; 9=other"
32,arch_situ_drains,drains,v203,TRUE,-1,3004,drains,archMaterial,TRUE,-1,4018,Codes_archFeatures,code,description,drainSitu,codeTable,TRUE,TRUE,FALSE,FALSE,FALSE,,TRUE,"0=not observed; 1=problematic object that could be part of floor; 2=possible floor, evidence indirect or ambiguous; 3=one floor; 4=two or three floors; 5=four or more floors; 6=floor present, count unspecified; 9=other"
33,arch_situ_wallfixture,wallfixt,v203,TRUE,-1,3005,wallFixtures,archMaterial,TRUE,-1,4019,Codes_archFeatures,code,description,wallFixSitu,codeTable,TRUE,TRUE,FALSE,FALSE,FALSE,,TRUE,"0=not observed; 1=problematic object that could be part of floor; 2=possible floor, evidence indirect or ambiguous; 3=one floor; 4=two or three floors; 5=four or more floors; 6=floor present, count unspecified; 9=other"
34,arch_situ_murals,murals,v203,TRUE,-1,3006,murals,archMaterial,TRUE,-1,4020,Codes_archFeatures,code,description,murals,codeTable,TRUE,TRUE,FALSE,FALSE,FALSE,,TRUE,"0=not observed; 1=problematic object that could be part of floor; 2=possible floor, evidence indirect or ambiguous; 3=one floor; 4=two or three floors; 5=four or more floors; 6=floor present, count unspecified; 9=other"
35,arch_situ_columns,COLUMNS,v203,TRUE,-1,3007,columns,archMaterial,TRUE,-1,4021,Codes_archFeatures,code,description,columns,codeTable,TRUE,TRUE,FALSE,FALSE,FALSE,,TRUE,"0=not observed; 1=problematic object that could be part of floor; 2=possible floor, evidence indirect or ambiguous; 3=one floor; 4=two or three floors; 5=four or more floors; 6=floor present, count unspecified; 9=other"
36,arch_situ_taludes,taludes,v203,TRUE,-1,3008,taludes,archMaterial,TRUE,-1,4022,Codes_archFeatures,code,description,taludes,codeTable,TRUE,TRUE,FALSE,FALSE,FALSE,,TRUE,"0=not observed; 1=problematic object that could be part of floor; 2=possible floor, evidence indirect or ambiguous; 3=one floor; 4=two or three floors; 5=four or more floors; 6=floor present, count unspecified; 9=other"
37,arch_situ_tableros,tableros,v203,TRUE,-1,3009,tableros,archMaterial,TRUE,-1,4023,Codes_archFeatures,code,description,tableros,codeTable,TRUE,TRUE,FALSE,FALSE,FALSE,,TRUE,"0=not observed; 1=problematic object that could be part of floor; 2=possible floor, evidence indirect or ambiguous; 3=one floor; 4=two or three floors; 5=four or more floors; 6=floor present, count unspecified; 9=other"
38,arch_mat_floormaterials,situflrs,v203,TRUE,-1,3010,floorMaterial,archMaterial,TRUE,-1,4024,Codes_FloorMat,code,description,floorMaterial,codeTable,TRUE,TRUE,FALSE,FALSE,FALSE,,TRUE,"1=floors present, materials unspecified; 2=earth only; 3=concrete only; 4=concrete, plastered at least in part; 5=some floors of earth and some of unplastered concrete; 6=some of earth, some of concrete with plaster; 7=crushed tezontli; 8=cobble paving; 9=other, including floors with red plaster"
39,arch_mat_wallcore_stone,taludstn,v203,TRUE,-1,3011,wallCoreStone,archMaterial,TRUE,-1,4025,Codes_wallCoreStone,code,description,wallCoreStone,codeTable,TRUE,TRUE,FALSE,FALSE,FALSE,,TRUE,"0=walls present, but no stone observed in them; 1=small stones; 2=medium stones; 3=stones present, unspecified size; 4=stones of mixed sizes; 5=large stones"
40,arch_mat_wallcore_other,wallmatr,v203,TRUE,,3012,wallCoreOthMat,archMaterial,TRUE,,4026,Codes_wallCoreOther,code,description,wallCoreOthMat,codeTable,TRUE,TRUE,FALSE,FALSE,FALSE,,TRUE," -1=no walls, or walls but no data on materials present in wall core; 0=walls present but nothing except stone and/or tezontli observed; 1=tepetate is the only recorded additional material; 2=adobes present, plus possibly other materials; 3=other, including xalnene or tepetate and xalnene, but not adobes"
41,arch_mat_wallfacing,wallface,v203,TRUE,-1,3013,wallFacing,archMaterial,TRUE,-1,4027,Codes_wallFacing,code,description,wallFacing,codeTable,TRUE,TRUE,FALSE,FALSE,FALSE,,TRUE,0=apparently had no facing; 1=concrete; 2=concrete plus plaster; 3=mud; 4=plaster on mud; 5=facing material lost or uncertain; 6=concrete plus painted plaster; 9=other
42,art_chron_intrusivesherd,intrushd,v204,TRUE,-1,4002,intrusiveSherd,description,TRUE,-1,2010,Codes_intrusiveSherd,code,description,intrusiveSherd,codeTable,TRUE,TRUE,FALSE,FALSE,FALSE,,TRUE,0=isolated site; 1=average; 2=probably considerable; 3=probably primarily intrusive material; 9=other
43,arch_situ_height,height,v204,TRUE,-1,4003,height,description,TRUE,-1,2004,,,,height,artifactTable,TRUE,TRUE,FALSE,FALSE,FALSE,,FALSE,0-98=height to nearest multiple of 10cm; 99=over 9.85m high
44,arch_archinterp1_pmic,pmicarc1,v204,TRUE,-1,4004,arch1PMic,archInterp,TRUE,-1,5006,Codes_ArchInterpPrim,code,description,arch1PMic,interpTable,TRUE,TRUE,FALSE,FALSE,FALSE,,TRUE,"1=room group; 2=room group; 3=casa humilde; 4=apartment compound; 5=temple base (incl. platforms & multi-tiered platforms); 6=pyramid (more than ca. 10m high); 7=simple platform; 8=platform with other structures on it; 9=platform with other structures on it; 10=platform with other structures on it; 11=platform in plaza (momoztli); 12=plaza; 13=free-standing wall or segment of wall; 14=access-way (alley, street, avenue, etc.); 15=avenue divider or possible avenue divider; 16=avenue divider or possible avenue divider; 17=cemetery; 18=dam; 19=occupation without durable structures; 20=probably not occupied or utilized in this period; 21=cave; 99=other"
45,arch_archinterp1_mctl,mctlarc1,v204,TRUE,-1,4005,arch1McTl,archInterp,TRUE,-1,5007,Codes_ArchInterpPrim,code,description,arch1McTl,interpTable,TRUE,TRUE,FALSE,FALSE,FALSE,,TRUE,"1=room group; 2=room group; 3=casa humilde; 4=apartment compound; 5=temple base (incl. platforms & multi-tiered platforms); 6=pyramid (more than ca. 10m high); 7=simple platform; 8=platform with other structures on it; 9=platform with other structures on it; 10=platform with other structures on it; 11=platform in plaza (momoztli); 12=plaza; 13=free-standing wall or segment of wall; 14=access-way (alley, street, avenue, etc.); 15=avenue divider or possible avenue divider; 16=avenue divider or possible avenue divider; 17=cemetery; 18=dam; 19=occupation without durable structures; 20=probably not occupied or utilized in this period; 21=cave; 99=other"
46,arch_archinterp1_xlme,xlmearc1,v204,TRUE,-1,4006,arch1XlMe,archInterp,TRUE,-1,5008,Codes_ArchInterpPrim,code,description,arch1XlMe,interpTable,TRUE,TRUE,FALSE,FALSE,FALSE,,TRUE,"1=room group; 2=room group; 3=casa humilde; 4=apartment compound; 5=temple base (incl. platforms & multi-tiered platforms); 6=pyramid (more than ca. 10m high); 7=simple platform; 8=platform with other structures on it; 9=platform with other structures on it; 10=platform with other structures on it; 11=platform in plaza (momoztli); 12=plaza; 13=free-standing wall or segment of wall; 14=access-way (alley, street, avenue, etc.); 15=avenue divider or possible avenue divider; 16=avenue divider or possible avenue divider; 17=cemetery; 18=dam; 19=occupation without durable structures; 20=probably not occupied or utilized in this period; 21=cave; 99=other"
47,arch_archinterp1_oxto,oxtoarc1,v204,TRUE,-1,4007,arch1Oxto,archInterp,TRUE,-1,5009,Codes_ArchInterpPrim,code,description,arch1Oxto,interpTable,TRUE,TRUE,FALSE,FALSE,FALSE,,TRUE,"1=room group; 2=room group; 3=casa humilde; 4=apartment compound; 5=temple base (incl. platforms & multi-tiered platforms); 6=pyramid (more than ca. 10m high); 7=simple platform; 8=platform with other structures on it; 9=platform with other structures on it; 10=platform with other structures on it; 11=platform in plaza (momoztli); 12=plaza; 13=free-standing wall or segment of wall; 14=access-way (alley, street, avenue, etc.); 15=avenue divider or possible avenue divider; 16=avenue divider or possible avenue divider; 17=cemetery; 18=dam; 19=occupation without durable structures; 20=probably not occupied or utilized in this period; 21=cave; 99=other"
48,arch_archinterp2_pmic,pmicarc2,v204,TRUE,,4008,arch2PMic,archInterp,TRUE,,5010,Codes_ArchInterpAltern,code,description,arch2PMic,interpTable,TRUE,TRUE,FALSE,FALSE,FALSE,,TRUE," -1=primary interpretation is the best assessment of a very ambiguous situation; 1=room group; 2=room group; 3=casa humilde; 4=apartment compound; 5=temple base (incl. platforms & multi-tiered platforms); 6=pyramid (more than ca. 10m high); 7=simple platform; 8=platform with other structures on it; 9=platform with other structures on it; 10=platform with other structures on it; 11=platform in plaza (momoztli); 12=plaza; 13=free-standing wall or segment of wall; 14=access-way (alley, street, avenue, etc.); 15=avenue divider or possible avenue divider; 16=avenue divider or possible avenue divider; 17=cemetery; 18=dam; 19=occupation without durable structures; 20=probably not occupied or utilized in this period; 21=cave; 77=no plausible alternative to the primary interpretation; 88=primary interpretation is the best assessment of a very ambiguous situation; 99=other"
49,arch_archinterp2_mctl,mctlarc2,v204,TRUE,,4009,arch2McTl,archInterp,TRUE,,5011,Codes_ArchInterpAltern,code,description,arch2McTl,interpTable,TRUE,TRUE,FALSE,FALSE,FALSE,,TRUE," -1=primary interpretation is the best assessment of a very ambiguous situation; 1=room group; 2=room group; 3=casa humilde; 4=apartment compound; 5=temple base (incl. platforms & multi-tiered platforms); 6=pyramid (more than ca. 10m high); 7=simple platform; 8=platform with other structures on it; 9=platform with other structures on it; 10=platform with other structures on it; 11=platform in plaza (momoztli); 12=plaza; 13=free-standing wall or segment of wall; 14=access-way (alley, street, avenue, etc.); 15=avenue divider or possible avenue divider; 16=avenue divider or possible avenue divider; 17=cemetery; 18=dam; 19=occupation without durable structures; 20=probably not occupied or utilized in this period; 21=cave; 77=no plausible alternative to the primary interpretation; 88=primary interpretation is the best assessment of a very ambiguous situation; 99=other"
50,arch_archinterp2_xlme,xlmearc2,v204,TRUE,,4010,arch2XlMe,archInterp,TRUE,,5012,Codes_ArchInterpAltern,code,description,arch2XlMe,interpTable,TRUE,TRUE,FALSE,FALSE,FALSE,,TRUE," -1=primary interpretation is the best assessment of a very ambiguous situation; 1=room group; 2=room group; 3=casa humilde; 4=apartment compound; 5=temple base (incl. platforms & multi-tiered platforms); 6=pyramid (more than ca. 10m high); 7=simple platform; 8=platform with other structures on it; 9=platform with other structures on it; 10=platform with other structures on it; 11=platform in plaza (momoztli); 12=plaza; 13=free-standing wall or segment of wall; 14=access-way (alley, street, avenue, etc.); 15=avenue divider or possible avenue divider; 16=avenue divider or possible avenue divider; 17=cemetery; 18=dam; 19=occupation without durable structures; 20=probably not occupied or utilized in this period; 21=cave; 77=no plausible alternative to the primary interpretation; 88=primary interpretation is the best assessment of a very ambiguous situation; 99=other"
51,arch_archinterp2_oxto,oxtoarc2,v204,TRUE,,4011,arch2Oxto,archInterp,TRUE,,5013,Codes_ArchInterpAltern,code,description,arch2Oxto,interpTable,TRUE,TRUE,FALSE,FALSE,FALSE,,TRUE," -1=primary interpretation is the best assessment of a very ambiguous situation; 1=room group; 2=room group; 3=casa humilde; 4=apartment compound; 5=temple base (incl. platforms & multi-tiered platforms); 6=pyramid (more than ca. 10m high); 7=simple platform; 8=platform with other structures on it; 9=platform with other structures on it; 10=platform with other structures on it; 11=platform in plaza (momoztli); 12=plaza; 13=free-standing wall or segment of wall; 14=access-way (alley, street, avenue, etc.); 15=avenue divider or possible avenue divider; 16=avenue divider or possible avenue divider; 17=cemetery; 18=dam; 19=occupation without durable structures; 20=probably not occupied or utilized in this period; 21=cave; 77=no plausible alternative to the primary interpretation; 88=primary interpretation is the best assessment of a very ambiguous situation; 99=other"
52,arch_constructqual,qualcnst,v204,TRUE,-1,4012,constructQual,archInterp,TRUE,-1,5003,Codes_ConstructQual,code,description,constructQual,codeTable,TRUE,TRUE,FALSE,FALSE,FALSE,,TRUE," 0=probably only perishable materials; 1=very simple or below average; 2=ordinary, nothing special noted; 3=elaborate or very fine"
53,arch_funcinterp1_pmic,pmicfnc1,v204,TRUE,-1,4013,func1PMic,archInterp,TRUE,-1,5014,Codes_FuncInterpPrim,code,description,func1PMic,interpTable,TRUE,TRUE,FALSE,FALSE,FALSE,,TRUE,"1=low status residential, no obvious occupational specialization; 2=intermediate status residence; 3=residence of uncertain status; 4=high status residence; 5=high status residence; 6=altar; 7=temple platform; 8=temple in residential unit; 9=temple; 10=temple; 11=temple; 12=temple; 13=temple; 14=pyramid temple (over 10 m high); 15=possible temple for foreign gods; 16=probably temple, hard to fit into any of the above categories; 17=""civic"" structure, but not a temple; 18=""civic"" structure, but not a temple; 19=""civic"" structure, but not a temple; 20=""civic"" structure, but not a temple; 21=""civic"" structure, but not a temple; 22=market or part of a market; 23=puesto; 24=obsidian workshop; 25=pottery workshop; 26=other type of workshop or craft production area; 27=momoztli (platform in plaza); 28=plaza; 29=ball court; 30=possible ball court; 31=street or avenue; 32=street or avenue; 33=street or avenue; 34=street or avenue; 35=avenue divider; 36=dam; 37=wall or segment of a wall; 38=cemetery; 39=cultivated field; 40=uncultivated open area; 41=unoccupied, not clear if cultivated or not; 42=residential workshop; 43=platform of probable religious significance; 99=other"
54,arch_funcinterp1_mctl,mctlfnc1,v205,TRUE,-1,5002,func1McTl,archInterp,TRUE,-1,5015,Codes_FuncInterpPrim,code,description,func1McTl,interpTable,TRUE,TRUE,FALSE,FALSE,FALSE,,TRUE,"1=low status residential, no obvious occupational specialization; 2=intermediate status residence; 3=residence of uncertain status; 4=high status residence; 5=high status residence; 6=altar; 7=temple platform; 8=temple in residential unit; 9=temple; 10=temple; 11=temple; 12=temple; 13=temple; 14=pyramid temple (over 10 m high); 15=possible temple for foreign gods; 16=probably temple, hard to fit into any of the above categories; 17=""civic"" structure, but not a temple; 18=""civic"" structure, but not a temple; 19=""civic"" structure, but not a temple; 20=""civic"" structure, but not a temple; 21=""civic"" structure, but not a temple; 22=market or part of a market; 23=puesto; 24=obsidian workshop; 25=pottery workshop; 26=other type of workshop or craft production area; 27=momoztli (platform in plaza); 28=plaza; 29=ball court; 30=possible ball court; 31=street or avenue; 32=street or avenue; 33=street or avenue; 34=street or avenue; 35=avenue divider; 36=dam; 37=wall or segment of a wall; 38=cemetery; 39=cultivated field; 40=uncultivated open area; 41=unoccupied, not clear if cultivated or not; 42=residential workshop; 43=platform of probable religious significance; 99=other"
55,arch_funcinterp1_xlme,xlmefnc1,v205,TRUE,-1,5003,func1XlMe,archInterp,TRUE,-1,5016,Codes_FuncInterpPrim,code,description,func1XlMe,interpTable,TRUE,TRUE,FALSE,FALSE,FALSE,,TRUE,"1=low status residential, no obvious occupational specialization; 2=intermediate status residence; 3=residence of uncertain status; 4=high status residence; 5=high status residence; 6=altar; 7=temple platform; 8=temple in residential unit; 9=temple; 10=temple; 11=temple; 12=temple; 13=temple; 14=pyramid temple (over 10 m high); 15=possible temple for foreign gods; 16=probably temple, hard to fit into any of the above categories; 17=""civic"" structure, but not a temple; 18=""civic"" structure, but not a temple; 19=""civic"" structure, but not a temple; 20=""civic"" structure, but not a temple; 21=""civic"" structure, but not a temple; 22=market or part of a market; 23=puesto; 24=obsidian workshop; 25=pottery workshop; 26=other type of workshop or craft production area; 27=momoztli (platform in plaza); 28=plaza; 29=ball court; 30=possible ball court; 31=street or avenue; 32=street or avenue; 33=street or avenue; 34=street or avenue; 35=avenue divider; 36=dam; 37=wall or segment of a wall; 38=cemetery; 39=cultivated field; 40=uncultivated open area; 41=unoccupied, not clear if cultivated or not; 42=residential workshop; 43=platform of probable religious significance; 99=other"
56,arch_funcinterp1_oxto,oxtofnc1,v205,TRUE,-1,5004,func1Oxto,archInterp,TRUE,-1,5017,Codes_FuncInterpPrim,code,description,func1Oxto,interpTable,TRUE,TRUE,FALSE,FALSE,FALSE,,TRUE,"1=low status residential, no obvious occupational specialization; 2=intermediate status residence; 3=residence of uncertain status; 4=high status residence; 5=high status residence; 6=altar; 7=temple platform; 8=temple in residential unit; 9=temple; 10=temple; 11=temple; 12=temple; 13=temple; 14=pyramid temple (over 10 m high); 15=possible temple for foreign gods; 16=probably temple, hard to fit into any of the above categories; 17=""civic"" structure, but not a temple; 18=""civic"" structure, but not a temple; 19=""civic"" structure, but not a temple; 20=""civic"" structure, but not a temple; 21=""civic"" structure, but not a temple; 22=market or part of a market; 23=puesto; 24=obsidian workshop; 25=pottery workshop; 26=other type of workshop or craft production area; 27=momoztli (platform in plaza); 28=plaza; 29=ball court; 30=possible ball court; 31=street or avenue; 32=street or avenue; 33=street or avenue; 34=street or avenue; 35=avenue divider; 36=dam; 37=wall or segment of a wall; 38=cemetery; 39=cultivated field; 40=uncultivated open area; 41=unoccupied, not clear if cultivated or not; 42=residential workshop; 43=platform of probable religious significance; 99=other"
57,arch_funcinterp2_pmic,pmicfnc2,v205,TRUE,,5005,func2PMic,archInterp,TRUE,,5018,Codes_FuncInterpAltern,code,description,func2PMic,interpTable,TRUE,TRUE,FALSE,FALSE,FALSE,,TRUE," -1=primary interpretation is the best assessment of a very ambiguous situation; 1=low status residential, no obvious occupational specialization; 2=intermediate status residence; 3=residence of uncertain status; 4=high status residence; 5=high status residence; 6=altar; 7=temple platform; 8=temple in residential unit; 9=temple; 10=temple; 11=temple; 12=temple; 13=temple; 14=pyramid temple (over 10 m high); 15=possible temple for foreign gods; 16=probably temple, hard to fit into any of the above categories; 17=""civic"" structure, but not a temple; 18=""civic"" structure, but not a temple; 19=""civic"" structure, but not a temple; 20=""civic"" structure, but not a temple; 21=""civic"" structure, but not a temple; 22=market or part of a market; 23=puesto; 24=obsidian workshop; 25=pottery workshop; 26=other type of workshop or craft production area; 27=momoztli (platform in plaza); 28=plaza; 29=ball court; 30=possible ball court; 31=street or avenue; 32=street or avenue; 33=street or avenue; 34=street or avenue; 35=avenue divider; 36=dam; 37=wall or segment of a wall; 38=cemetery; 39=cultivated field; 40=uncultivated open area; 41=unoccupied, not clear if cultivated or not; 42=residential workshop; 43=platform of probable religious significance; 77=no plausible alternative to the pirmary interpretation; 99=other"
58,arch_funcinterp2_mctl,mctlfnc2,v205,TRUE,,5006,func2McTl,archInterp,TRUE,,5019,Codes_FuncInterpAltern,code,description,func2McTl,interpTable,TRUE,TRUE,FALSE,FALSE,FALSE,,TRUE," -1=primary interpretation is the best assessment of a very ambiguous situation; 1=low status residential, no obvious occupational specialization; 2=intermediate status residence; 3=residence of uncertain status; 4=high status residence; 5=high status residence; 6=altar; 7=temple platform; 8=temple in residential unit; 9=temple; 10=temple; 11=temple; 12=temple; 13=temple; 14=pyramid temple (over 10 m high); 15=possible temple for foreign gods; 16=probably temple, hard to fit into any of the above categories; 17=""civic"" structure, but not a temple; 18=""civic"" structure, but not a temple; 19=""civic"" structure, but not a temple; 20=""civic"" structure, but not a temple; 21=""civic"" structure, but not a temple; 22=market or part of a market; 23=puesto; 24=obsidian workshop; 25=pottery workshop; 26=other type of workshop or craft production area; 27=momoztli (platform in plaza); 28=plaza; 29=ball court; 30=possible ball court; 31=street or avenue; 32=street or avenue; 33=street or avenue; 34=street or avenue; 35=avenue divider; 36=dam; 37=wall or segment of a wall; 38=cemetery; 39=cultivated field; 40=uncultivated open area; 41=unoccupied, not clear if cultivated or not; 42=residential workshop; 43=platform of probable religious significance; 77=no plausible alternative to the pirmary interpretation; 99=other"
59,arch_funcinterp2_xlme,xlmefnc2,v205,TRUE,,5007,func2XlMe,archInterp,TRUE,,5020,Codes_FuncInterpAltern,code,description,func2XlMe,interpTable,TRUE,TRUE,FALSE,FALSE,FALSE,,TRUE," -1=primary interpretation is the best assessment of a very ambiguous situation; 1=low status residential, no obvious occupational specialization; 2=intermediate status residence; 3=residence of uncertain status; 4=high status residence; 5=high status residence; 6=altar; 7=temple platform; 8=temple in residential unit; 9=temple; 10=temple; 11=temple; 12=temple; 13=temple; 14=pyramid temple (over 10 m high); 15=possible temple for foreign gods; 16=probably temple, hard to fit into any of the above categories; 17=""civic"" structure, but not a temple; 18=""civic"" structure, but not a temple; 19=""civic"" structure, but not a temple; 20=""civic"" structure, but not a temple; 21=""civic"" structure, but not a temple; 22=market or part of a market; 23=puesto; 24=obsidian workshop; 25=pottery workshop; 26=other type of workshop or craft production area; 27=momoztli (platform in plaza); 28=plaza; 29=ball court; 30=possible ball court; 31=street or avenue; 32=street or avenue; 33=street or avenue; 34=street or avenue; 35=avenue divider; 36=dam; 37=wall or segment of a wall; 38=cemetery; 39=cultivated field; 40=uncultivated open area; 41=unoccupied, not clear if cultivated or not; 42=residential workshop; 43=platform of probable religious significance; 77=no plausible alternative to the pirmary interpretation; 99=other"
60,arch_funcinterp2_oxto,oxtofnc2,v205,TRUE,,5008,func2Oxto,archInterp,TRUE,,5021,Codes_FuncInterpAltern,code,description,func2Oxto,interpTable,TRUE,TRUE,FALSE,FALSE,FALSE,,TRUE," -1=primary interpretation is the best assessment of a very ambiguous situation; 1=low status residential, no obvious occupational specialization; 2=intermediate status residence; 3=residence of uncertain status; 4=high status residence; 5=high status residence; 6=altar; 7=temple platform; 8=temple in residential unit; 9=temple; 10=temple; 11=temple; 12=temple; 13=temple; 14=pyramid temple (over 10 m high); 15=possible temple for foreign gods; 16=probably temple, hard to fit into any of the above categories; 17=""civic"" structure, but not a temple; 18=""civic"" structure, but not a temple; 19=""civic"" structure, but not a temple; 20=""civic"" structure, but not a temple; 21=""civic"" structure, but not a temple; 22=market or part of a market; 23=puesto; 24=obsidian workshop; 25=pottery workshop; 26=other type of workshop or craft production area; 27=momoztli (platform in plaza); 28=plaza; 29=ball court; 30=possible ball court; 31=street or avenue; 32=street or avenue; 33=street or avenue; 34=street or avenue; 35=avenue divider; 36=dam; 37=wall or segment of a wall; 38=cemetery; 39=cultivated field; 40=uncultivated open area; 41=unoccupied, not clear if cultivated or not; 42=residential workshop; 43=platform of probable religious significance; 77=no plausible alternative to the pirmary interpretation; 99=other"
61,arch_cplx_archinterp1_patz,pttzcx1,v205,TRUE,-1,5009,archInt1PaTz,complexData,TRUE,-1,7004,Codes_complexGenPrim,code,description,archInt1PaTz,interpTable,TRUE,TRUE,FALSE,FALSE,FALSE,,TRUE,"0=site is not part of a complex; 1=row of two or more mounds on a long mound; 2=3-mound complex (sometimes with additional minor features); 3=4-mound complex; 4=several mounds associated in a symmetrical or partially symmetrical pattern, but but not a 3- or 4-mound complex; 5=group of several mounds suggesting an interrelated pattern but lacking any obvious symmetry; 6=walled open area complex (large compound); 7=single mound plus platform on terrace; 8=site is part of a macrocomplex but no meaningful complex; 9=other"
62,arch_cplx_archinterp1_mctl,mctlarc1,v204,TRUE,-1,4005,archInt1McTl,complexData,TRUE,-1,7005,Codes_complexGenPrim,code,description,archInt1McTl,interpTable,TRUE,TRUE,FALSE,FALSE,FALSE,,TRUE,"0=site is not part of a complex; 1=row of two or more mounds on a long mound; 2=3-mound complex (sometimes with additional minor features); 3=4-mound complex; 4=several mounds associated in a symmetrical or partially symmetrical pattern, but but not a 3- or 4-mound complex; 5=group of several mounds suggesting an interrelated pattern but lacking any obvious symmetry; 6=walled open area complex (large compound); 7=single mound plus platform on terrace; 8=site is part of a macrocomplex but no meaningful complex; 9=other"
63,arch_cplx_archinterp1_xlmt,xlmecx1,v205,TRUE,-1,5011,archInt1XlMt,complexData,TRUE,-1,7006,Codes_complexGenPrim,code,description,archInt1XlMt,interpTable,TRUE,TRUE,FALSE,FALSE,FALSE,,TRUE,"0=site is not part of a complex; 1=row of two or more mounds on a long mound; 2=3-mound complex (sometimes with additional minor features); 3=4-mound complex; 4=several mounds associated in a symmetrical or partially symmetrical pattern, but but not a 3- or 4-mound complex; 5=group of several mounds suggesting an interrelated pattern but lacking any obvious symmetry; 6=walled open area complex (large compound); 7=single mound plus platform on terrace; 8=site is part of a macrocomplex but no meaningful complex; 9=other"
64,arch_cplx_archinterp2_patz,pttzcx2,v205,TRUE,-1,5012,archInt2PaTz,complexData,TRUE,-1,7007,Codes_complexGenAltern,code,description,archInt2PaTz,interpTable,TRUE,TRUE,FALSE,FALSE,FALSE,,TRUE,"0=site is not part of a complex; 1=row of two or more mounds on a long mound; 2=3-mound complex (sometimes with additional minor features); 3=4-mound complex; 4=several mounds associated in a symmetrical or partially symmetrical pattern, but but not a 3- or 4-mound complex; 5=group of several mounds suggesting an interrelated pattern but lacking any obvious symmetry; 6=walled open area complex (large compound); 7=single mound plus platform on terrace; 8=site is part of a macrocomplex but no meaningful complex; 9=other"
65,arch_cplx_archinterp2_mctl,mctlarc2,v204,TRUE,-1,4009,archInt2McTl,complexData,TRUE,-1,7008,Codes_complexGenAltern,code,description,archInt2McTl,interpTable,TRUE,TRUE,FALSE,FALSE,FALSE,,TRUE,"0=site is not part of a complex; 1=row of two or more mounds on a long mound; 2=3-mound complex (sometimes with additional minor features); 3=4-mound complex; 4=several mounds associated in a symmetrical or partially symmetrical pattern, but but not a 3- or 4-mound complex; 5=group of several mounds suggesting an interrelated pattern but lacking any obvious symmetry; 6=walled open area complex (large compound); 7=single mound plus platform on terrace; 8=site is part of a macrocomplex but no meaningful complex; 9=other"
66,arch_cplx_archinterp2_xlmt,xlmecx2,v206,TRUE,-1,6002,archInt2XlMt,complexData,TRUE,-1,7009,Codes_complexGenAltern,code,description,archInt2XlMt,interpTable,TRUE,TRUE,FALSE,FALSE,FALSE,,TRUE,"0=site is not part of a complex; 1=row of two or more mounds on a long mound; 2=3-mound complex (sometimes with additional minor features); 3=4-mound complex; 4=several mounds associated in a symmetrical or partially symmetrical pattern, but but not a 3- or 4-mound complex; 5=group of several mounds suggesting an interrelated pattern but lacking any obvious symmetry; 6=walled open area complex (large compound); 7=single mound plus platform on terrace; 8=site is part of a macrocomplex but no meaningful complex; 9=other"
67,arch_cplx_funcinterp_patz,pttzcxfn,v206,TRUE,,6003,funcIntPaTz,complexData,TRUE,,7010,Codes_complexFunWhole,code,description,funcIntPaTz,interpTable,TRUE,TRUE,FALSE,FALSE,FALSE,,TRUE, -1=site not part of complex or (rarely) no information; 0=dominantly residential; 1=dominantly temples; 2=dominantly non-temple civic structures; 3=mixed; 4=mixed; 5=mixed; 6=mixed; 7=mixed; 8=mixed; 9=other
68,arch_cplx_funcinterp_mctl,mctlcxfn,v206,TRUE,,6004,funcIntMcTl,complexData,TRUE,,7011,Codes_complexFunWhole,code,description,funcIntMcTl,interpTable,TRUE,TRUE,FALSE,FALSE,FALSE,,TRUE, -1=site not part of complex or (rarely) no information; 0=dominantly residential; 1=dominantly temples; 2=dominantly non-temple civic structures; 3=mixed; 4=mixed; 5=mixed; 6=mixed; 7=mixed; 8=mixed; 9=other
69,arch_cplx_funcinterp_xlmt,xlmecxfn,v206,TRUE,,6005,funcIntXlMt,complexData,TRUE,,7012,Codes_complexFunWhole,code,description,funcIntXlMt,interpTable,TRUE,TRUE,FALSE,FALSE,FALSE,,TRUE, -1=site not part of complex or (rarely) no information; 0=dominantly residential; 1=dominantly temples; 2=dominantly non-temple civic structures; 3=mixed; 4=mixed; 5=mixed; 6=mixed; 7=mixed; 8=mixed; 9=other
70,arch_cplx_funcinterp_res_patz,pttzrsfn,v206,TRUE,,6006,funcResPaTz,complexData,TRUE,,7013,Codes_complexFunRes,code,description,funcResPaTz,interpTable,TRUE,TRUE,FALSE,FALSE,FALSE,,TRUE, -1=site not part of complex or (rarely) no information; 0=evidence suggests no part of complex was residential; 1=residential block of uncertain status; 2=low or intermediate status; 3=low or intermediate status; 4=residential block of uncertain status; 5=high status; 6=high status; 9=other
71,arch_cplx_funcinterp_res_mctl,mctlrsfn,v206,TRUE,,6007,funcResMcTl,complexData,TRUE,,7014,Codes_complexFunRes,code,description,funcResMcTl,interpTable,TRUE,TRUE,FALSE,FALSE,FALSE,,TRUE, -1=site not part of complex or (rarely) no information; 0=evidence suggests no part of complex was residential; 1=residential block of uncertain status; 2=low or intermediate status; 3=low or intermediate status; 4=residential block of uncertain status; 5=high status; 6=high status; 9=other
72,arch_cplx_funcinterp_res_xlmt,xlmersfn,v206,TRUE,,6008,funcResXlMt,complexData,TRUE,,7015,Codes_complexFunRes,code,description,funcResXlMt,interpTable,TRUE,TRUE,FALSE,FALSE,FALSE,,TRUE, -1=site not part of complex or (rarely) no information; 0=evidence suggests no part of complex was residential; 1=residential block of uncertain status; 2=low or intermediate status; 3=low or intermediate status; 4=residential block of uncertain status; 5=high status; 6=high status; 9=other
73,arch_cplx_funcinterp_tmpl_patz,pttztmfn,v206,TRUE,-1,6009,funcTmpPaTz,complexData,TRUE,-1,7016,Codes_complexFunTemp,code,description,funcTmpPaTz,interpTable,TRUE,TRUE,FALSE,FALSE,FALSE,,TRUE,0=evidence suggests there were no temples in complex; 1=temples included; 2=temples included; 3=temples included; 4=temples included; 5=temples included; 6=temples included; 7=one or more pyramid temples included; 8=temple(s) possibly for foreign gods; 9=temples of uncertain or varied character
74,arch_cplx_funcinterp_tmpl_mctl,mctltmfn,v206,TRUE,-1,6010,funcTmpMcTl,complexData,TRUE,-1,7017,Codes_complexFunTemp,code,description,funcTmpMcTl,interpTable,TRUE,TRUE,FALSE,FALSE,FALSE,,TRUE,0=evidence suggests there were no temples in complex; 1=temples included; 2=temples included; 3=temples included; 4=temples included; 5=temples included; 6=temples included; 7=one or more pyramid temples included; 8=temple(s) possibly for foreign gods; 9=temples of uncertain or varied character
75,arch_cplx_funcinterp_tmpl_xlmt,xlmetmfn,v206,TRUE,-1,6011,funcTmpXlMt,complexData,TRUE,-1,7018,Codes_complexFunTemp,code,description,funcTmpXlMt,interpTable,TRUE,TRUE,FALSE,FALSE,FALSE,,TRUE,0=evidence suggests there were no temples in complex; 1=temples included; 2=temples included; 3=temples included; 4=temples included; 5=temples included; 6=temples included; 7=one or more pyramid temples included; 8=temple(s) possibly for foreign gods; 9=temples of uncertain or varied character
76,arch_cplx_funcinterp_civ_patz,pttzcvfn,v206,TRUE,-1,6012,funcCivPaTz,complexData,TRUE,-1,7019,Codes_complexFunCivic,code,description,funcCivPaTz,interpTable,TRUE,TRUE,FALSE,FALSE,FALSE,,TRUE,0=evidence suggests none in complex; 1=present; 2=present; 3=present; 4=present; 5=present; 6=present; 9=other
77,arch_cplx_funcinterp_civ_mctl,mctlcvfn,v206,TRUE,-1,6013,funcCivMcTl,complexData,TRUE,-1,7020,Codes_complexFunCivic,code,description,funcCivMcTl,interpTable,TRUE,TRUE,FALSE,FALSE,FALSE,,TRUE,0=evidence suggests none in complex; 1=present; 2=present; 3=present; 4=present; 5=present; 6=present; 9=other
78,arch_cplx_funcinterp_civ_xlmt,xlmecvfn,v207,TRUE,-1,7002,funcCivXlMt,complexData,TRUE,-1,7021,Codes_complexFunCivic,code,description,funcCivXlMt,interpTable,TRUE,TRUE,FALSE,FALSE,FALSE,,TRUE,0=evidence suggests none in complex; 1=present; 2=present; 3=present; 4=present; 5=present; 6=present; 9=other
79,arch_cplx_funcinterp_other_xlmt,xlmeotfn,v207,TRUE,-1,7003,funcOthXlMt,complexData,TRUE,-1,7022,Codes_complexFunOther,code,description,funcOthXlMt,interpTable,TRUE,TRUE,FALSE,FALSE,FALSE,,TRUE,0=no other kinds of elements seem present in complex; 1=obsidian workshop; 2=stone workshop; 3=pottery workshop; 4=other kind of workshop; 5=market (or possible market); 6=market (or possible market); 7=market (or possible market); 8=market (or possible market); 9=cemetery; 10=ball court; 11=major walled compound; 12=open field
80,arch_cplx_num,cxunitn,v207,TRUE,-1,7004,complexNum,complexData,TRUE,-1,7003,,,,,,,FALSE,TRUE,FALSE,FALSE,,FALSE,
81,arch_cplx_unit,cxunit,v401,TRUE,XXXX,41006,complexUnit,complexData,TRUE,XXXX,7002,,,,complexNum,interpTable,TRUE,TRUE,FALSE,FALSE,FALSE,,FALSE,
82,arch_mcplx_num,mcxunitn,v207,TRUE,-1,7005,macroComplexNum,complexMacroData,TRUE,-1,6003,,,,macroComplexNum,interpTable,TRUE,TRUE,FALSE,FALSE,FALSE,,FALSE,
83,arch_mcplx_unit,mcxunit,v401,TRUE,XXXX,41007,macroComplexUnit,complexMacroData,TRUE,XXXX,6002,,,,,,,FALSE,TRUE,FALSE,FALSE,,FALSE,
84,arch_mcplx_patz,pttzmcx,v207,TRUE,-1,7006,presPaTz,complexMacroData,TRUE,-1,6004,Codes_McomplexGen,code,description,presPaTz,interpTable,TRUE,TRUE,FALSE,FALSE,FALSE,,TRUE,0=site not part of a macrocomplex; 1=site part of a possible macrocomplex; 2=site part of a macrocomplex
85,arch_mcplx_mctl,mctlmcx,v207,TRUE,-1,7007,presMcTl,complexMacroData,TRUE,-1,6005,Codes_McomplexGen,code,description,presMcTl,interpTable,TRUE,TRUE,FALSE,FALSE,FALSE,,TRUE,0=site not part of a macrocomplex; 1=site part of a possible macrocomplex; 2=site part of a macrocomplex
86,arch_mcplx_xlmt,xlmemcx,v207,TRUE,-1,7008,presXlMt,complexMacroData,TRUE,-1,6006,Codes_McomplexGen,code,description,presXlMt,interpTable,TRUE,TRUE,FALSE,FALSE,FALSE,,TRUE,0=site not part of a macrocomplex; 1=site part of a possible macrocomplex; 2=site part of a macrocomplex
87,arch_mcplx_funcinterp_patz,pttzcxfn,v206,TRUE,-1,6003,funcIntPaTz,complexMacroData,TRUE,-1,6007,Codes_McomplexFun,code,description,MfuncIntPaTz,interpTable,TRUE,TRUE,FALSE,FALSE,FALSE,,TRUE,0=dominantly residential; 1=dominantly temples; 2=dominantly non-temple civic structures; 3=mixed; 4=mixed; 5=mixed; 6=mixed; 7=mixed; 8=mixed; 9=other
88,arch_mcplx_funcinterp_mctl,mctlcxfn,v206,TRUE,-1,6004,funcIntMcTl,complexMacroData,TRUE,-1,6008,Codes_McomplexFun,code,description,MfuncIntMcTl,interpTable,TRUE,TRUE,FALSE,FALSE,FALSE,,TRUE,0=dominantly residential; 1=dominantly temples; 2=dominantly non-temple civic structures; 3=mixed; 4=mixed; 5=mixed; 6=mixed; 7=mixed; 8=mixed; 9=other
89,arch_mcplx_funcinterp_xlmt,xlmecxfn,v206,TRUE,-1,6005,funcIntXlMt,complexMacroData,TRUE,-1,6009,Codes_McomplexFun,code,description,MfuncIntXlMt,interpTable,TRUE,TRUE,FALSE,FALSE,FALSE,,TRUE,0=dominantly residential; 1=dominantly temples; 2=dominantly non-temple civic structures; 3=mixed; 4=mixed; 5=mixed; 6=mixed; 7=mixed; 8=mixed; 9=other
90,arch_neighborhood,nhoodchr,v207,TRUE,-1,7012,neighborhoodChar,archinterp,TRUE,-1,5002,Codes_neighborhoodChar,code,description,neighborhoodChar,interpTable,TRUE,TRUE,FALSE,FALSE,FALSE,,TRUE,1=other sites arranged more or less compactly in neighbourhood; 2=other sites arranged more or less compactly in neighbourhood; 3=other sites arranged more or less compactly in neighbourhood; 4=other sites arranged more or less compactly in neighbourhood; 5=other sites arranged more or less compactly in neighbourhood; 6=other sites arranged more or less compactly in neighbourhood; 7=part of isolated site cluster; 8=isolated site; 9=other
91,arch_situ_freestandwall,frstndwl,v207,TRUE,-1,7013,freeStandWall,archMaterial,TRUE,-1,4031,Codes_otherArchFeatures,code,description,freeStandWall,codeTable,TRUE,TRUE,FALSE,FALSE,FALSE,,TRUE,"0=none observed in site; 8=present in site; 9=other, including possibly present"
92,arch_situ_wells,wells,v208,TRUE,-1,8002,wells,archMaterial,TRUE,-1,4028,Codes_otherArchFeatures,code,description,wells,codeTable,TRUE,TRUE,FALSE,FALSE,FALSE,,TRUE,"0=none observed in site; 8=present in site; 9=other, including possibly present"
93,arch_situ_jagueys,jagueys,v208,TRUE,-1,8003,jagueys,archMaterial,TRUE,-1,4029,Codes_otherArchFeatures,code,description,jaguey,codeTable,TRUE,TRUE,FALSE,FALSE,FALSE,,TRUE,"0=none observed in site; 8=present in site; 9=other, including possibly present"
94,arch_situ_puestos,puestos,v208,TRUE,-1,8004,puestos,archMaterial,TRUE,-1,4030,Codes_otherArchFeatures,code,description,puestos,codeTable,TRUE,TRUE,FALSE,FALSE,FALSE,,TRUE,"0=none observed in site; 8=present in site; 9=other, including possibly present"
95,mod_veg_milpa,milpa,v208,TRUE,-1,8005,milpa,condition,TRUE,-1,3002,Codes_vegetation,code,description,milpa,codeTable,TRUE,TRUE,FALSE,FALSE,FALSE,,TRUE,"0=this kind of vegetation absent; 1=present in a small portion of site or very scattered; 2=present over a moderate part of site, or moderately thick; 3=present but extent or density not recorded; 4=abundant or dense on all or most of site"
96,mod_veg_barley,barley,v208,TRUE,-1,8006,barley,condition,TRUE,-1,3003,Codes_vegetation,code,description,barley,codeTable,TRUE,TRUE,FALSE,FALSE,FALSE,,TRUE,"0=this kind of vegetation absent; 1=present in a small portion of site or very scattered; 2=present over a moderate part of site, or moderately thick; 3=present but extent or density not recorded; 4=abundant or dense on all or most of site"
97,mod_veg_beans,beans,v208,TRUE,-1,8007,beans,condition,TRUE,-1,3004,Codes_vegetation,code,description,beans,codeTable,TRUE,TRUE,FALSE,FALSE,FALSE,,TRUE,"0=this kind of vegetation absent; 1=present in a small portion of site or very scattered; 2=present over a moderate part of site, or moderately thick; 3=present but extent or density not recorded; 4=abundant or dense on all or most of site"
98,mod_veg_alfalfacut,cutalfal,v208,TRUE,-1,8008,alfalfaCut,condition,TRUE,-1,3005,Codes_vegetation,code,description,alfalfaCut,codeTable,TRUE,TRUE,FALSE,FALSE,FALSE,,TRUE,"0=this kind of vegetation absent; 1=present in a small portion of site or very scattered; 2=present over a moderate part of site, or moderately thick; 3=present but extent or density not recorded; 4=abundant or dense on all or most of site"
99,mod_veg_alfalfauncut,uncalfal,v208,TRUE,-1,8009,alfalfaUncut,condition,TRUE,-1,3006,Codes_vegetation,code,description,alfalfaUncut,codeTable,TRUE,TRUE,FALSE,FALSE,FALSE,,TRUE,"0=this kind of vegetation absent; 1=present in a small portion of site or very scattered; 2=present over a moderate part of site, or moderately thick; 3=present but extent or density not recorded; 4=abundant or dense on all or most of site"
100,mod_veg_nopales,nopales,v208,TRUE,-1,8010,nopales,condition,TRUE,-1,3007,Codes_vegetation,code,description,nopales,codeTable,TRUE,TRUE,FALSE,FALSE,FALSE,,TRUE,"0=this kind of vegetation absent; 1=present in a small portion of site or very scattered; 2=present over a moderate part of site, or moderately thick; 3=present but extent or density not recorded; 4=abundant or dense on all or most of site"
101,mod_veg_magueys,magueys,v208,TRUE,-1,8011,magueys,condition,TRUE,-1,3008,Codes_vegetation,code,description,magueys,codeTable,TRUE,TRUE,FALSE,FALSE,FALSE,,TRUE,"0=this kind of vegetation absent; 1=present in a small portion of site or very scattered; 2=present over a moderate part of site, or moderately thick; 3=present but extent or density not recorded; 4=abundant or dense on all or most of site"
102,mod_veg_fallow,fallowld,v208,TRUE,-1,8012,fallow,condition,TRUE,-1,3009,Codes_vegetation,code,description,fallow,codeTable,TRUE,TRUE,FALSE,FALSE,FALSE,,TRUE,"0=this kind of vegetation absent; 1=present in a small portion of site or very scattered; 2=present over a moderate part of site, or moderately thick; 3=present but extent or density not recorded; 4=abundant or dense on all or most of site"
103,mod_veg_uncultivate,uncultiv,v208,TRUE,-1,8013,uncultivate,condition,TRUE,-1,3010,Codes_vegetation,code,description,uncultivate,codeTable,TRUE,TRUE,FALSE,FALSE,FALSE,,TRUE,"0=this kind of vegetation absent; 1=present in a small portion of site or very scattered; 2=present over a moderate part of site, or moderately thick; 3=present but extent or density not recorded; 4=abundant or dense on all or most of site"
104,mod_cropwater,cropwatr,v209,TRUE,-1,9002,cropWater,condition,TRUE,-1,3011,Codes_water,code,description,cropWater,codeTable,TRUE,TRUE,FALSE,FALSE,FALSE,,TRUE,0=humedad; 1=temporal; 2=reigo (used if any part of site in riego); 3=flood water
105,mod_plowing,plowing,v209,TRUE,-1,9003,plowing,condition,TRUE,-1,3012,Codes_plowing,code,description,plowing,codeTable,TRUE,TRUE,FALSE,FALSE,FALSE,,TRUE,"0=there is reason to think the site was never plowed; 1=probably plowed in the past, but not in recent years; 2=part of site in plow cultivation, but much not; 3=most or all in plow cultivation, but not freshly plowed; 4=part of site freshly plowed; 5=most or all of site freshly plowed"
106,mod_disturb_pitcultivate,cultpits,v209,TRUE,-1,9004,pitCultivate,condition,TRUE,-1,3013,Codes_altering_features,code,description,pitCultivate,codeTable,TRUE,TRUE,FALSE,FALSE,FALSE,,TRUE,"0=absent or virtually absent; 1=present, but sparse or limited in effects; 2=present in sufficient degree to have considerable effect; 3=present, but degree unspecified; 4=present in sufficient degree to have a very strong effect; 5=present in a degree that amounts to total destruction"
107,mod_disturb_pit_loot,lootpits,v209,TRUE,-1,9005,pitLoot,condition,TRUE,-1,3014,Codes_altering_features,code,description,pitLoot,codeTable,TRUE,TRUE,FALSE,FALSE,FALSE,,TRUE,"0=absent or virtually absent; 1=present, but sparse or limited in effects; 2=present in sufficient degree to have considerable effect; 3=present, but degree unspecified; 4=present in sufficient degree to have a very strong effect; 5=present in a degree that amounts to total destruction"
108,mod_disturb_archaeoexcav,archexcv,v209,TRUE,-1,9006,archaeoExcRest,condition,TRUE,-1,3016,Codes_altering_features,code,description,archaeoExcRest,codeTable,TRUE,TRUE,FALSE,FALSE,FALSE,,TRUE,"0=absent or virtually absent; 1=present, but sparse or limited in effects; 2=present in sufficient degree to have considerable effect; 3=present, but degree unspecified; 4=present in sufficient degree to have a very strong effect; 5=present in a degree that amounts to total destruction"
109,mod_disturb_pit_misc,miscpits,v209,TRUE,-1,9007,pitMisc,condition,TRUE,-1,3015,Codes_altering_features,code,description,pitMisc,codeTable,TRUE,TRUE,FALSE,FALSE,FALSE,,TRUE,"0=absent or virtually absent; 1=present, but sparse or limited in effects; 2=present in sufficient degree to have considerable effect; 3=present, but degree unspecified; 4=present in sufficient degree to have a very strong effect; 5=present in a degree that amounts to total destruction"
110,mod_disturb_quarrying,qurrying,v209,TRUE,-1,9008,quarrying,condition,TRUE,-1,3017,Codes_altering_features,code,description,quarrying,codeTable,TRUE,TRUE,FALSE,FALSE,FALSE,,TRUE,"0=absent or virtually absent; 1=present, but sparse or limited in effects; 2=present in sufficient degree to have considerable effect; 3=present, but degree unspecified; 4=present in sufficient degree to have a very strong effect; 5=present in a degree that amounts to total destruction"
111,mod_disturb_stoneclearing,clrstone,v209,TRUE,-1,9009,stoneClearing,condition,TRUE,-1,3018,Codes_altering_features,code,description,stoneClearing,codeTable,TRUE,TRUE,FALSE,FALSE,FALSE,,TRUE,"0=absent or virtually absent; 1=present, but sparse or limited in effects; 2=present in sufficient degree to have considerable effect; 3=present, but degree unspecified; 4=present in sufficient degree to have a very strong effect; 5=present in a degree that amounts to total destruction"
112,mod_disturb_landleveling,ldlvling,v209,TRUE,-1,9010,landLeveling,condition,TRUE,-1,3019,Codes_altering_features,code,description,landLeveling,codeTable,TRUE,TRUE,FALSE,FALSE,FALSE,,TRUE,"0=absent or virtually absent; 1=present, but sparse or limited in effects; 2=present in sufficient degree to have considerable effect; 3=present, but degree unspecified; 4=present in sufficient degree to have a very strong effect; 5=present in a degree that amounts to total destruction"
113,mod_disturb_terracing,terracng,v209,TRUE,-1,9011,terracing,condition,TRUE,-1,3020,Codes_altering_features,code,description,terracing,codeTable,TRUE,TRUE,FALSE,FALSE,FALSE,,TRUE,"0=absent or virtually absent; 1=present, but sparse or limited in effects; 2=present in sufficient degree to have considerable effect; 3=present, but degree unspecified; 4=present in sufficient degree to have a very strong effect; 5=present in a degree that amounts to total destruction"
114,mod_disturb_ditching,ditching,v209,TRUE,-1,9012,ditching,condition,TRUE,-1,3021,Codes_altering_features,code,description,ditching,codeTable,TRUE,TRUE,FALSE,FALSE,FALSE,,TRUE,"0=absent or virtually absent; 1=present, but sparse or limited in effects; 2=present in sufficient degree to have considerable effect; 3=present, but degree unspecified; 4=present in sufficient degree to have a very strong effect; 5=present in a degree that amounts to total destruction"
115,mod_disturb_roadorrail,roadorrr,v209,TRUE,-1,9013,roadOrRail,condition,TRUE,-1,3022,Codes_altering_features,code,description,roadOrRail,codeTable,TRUE,TRUE,FALSE,FALSE,FALSE,,TRUE,"0=absent or virtually absent; 1=present, but sparse or limited in effects; 2=present in sufficient degree to have considerable effect; 3=present, but degree unspecified; 4=present in sufficient degree to have a very strong effect; 5=present in a degree that amounts to total destruction"
116,mod_disturb_recentwall,rcntwall,v210,TRUE,-1,10002,recentWall,condition,TRUE,-1,3023,Codes_altering_features,code,description,recentWall,codeTable,TRUE,TRUE,FALSE,FALSE,FALSE,,TRUE,"0=absent or virtually absent; 1=present, but sparse or limited in effects; 2=present in sufficient degree to have considerable effect; 3=present, but degree unspecified; 4=present in sufficient degree to have a very strong effect; 5=present in a degree that amounts to total destruction"
117,mod_disturb_stonerows,stonerws,v210,TRUE,-1,10003,stoneRows,condition,TRUE,-1,3024,Codes_altering_features,code,description,stoneRows,codeTable,TRUE,TRUE,FALSE,FALSE,FALSE,,TRUE,"0=absent or virtually absent; 1=present, but sparse or limited in effects; 2=present in sufficient degree to have considerable effect; 3=present, but degree unspecified; 4=present in sufficient degree to have a very strong effect; 5=present in a degree that amounts to total destruction"
118,mod_disturb_recentbuild,rcntbldg,v210,TRUE,-1,10004,recentBuild,condition,TRUE,-1,3025,Codes_altering_features,code,description,recentBuild,codeTable,TRUE,TRUE,FALSE,FALSE,FALSE,,TRUE,"0=absent or virtually absent; 1=present, but sparse or limited in effects; 2=present in sufficient degree to have considerable effect; 3=present, but degree unspecified; 4=present in sufficient degree to have a very strong effect; 5=present in a degree that amounts to total destruction"
119,mod_disturb_dam,dam,v210,TRUE,-1,10005,dam,condition,TRUE,-1,3026,Codes_altering_features,code,description,dam,codeTable,TRUE,TRUE,FALSE,FALSE,FALSE,,TRUE,"0=absent or virtually absent; 1=present, but sparse or limited in effects; 2=present in sufficient degree to have considerable effect; 3=present, but degree unspecified; 4=present in sufficient degree to have a very strong effect; 5=present in a degree that amounts to total destruction"
120,mod_disturb_jaguey,jaguey,v210,TRUE,-1,10006,jaguey,condition,TRUE,-1,3027,Codes_altering_features,code,description,jagueyMod,codeTable,TRUE,TRUE,FALSE,FALSE,FALSE,,TRUE,"0=absent or virtually absent; 1=present, but sparse or limited in effects; 2=present in sufficient degree to have considerable effect; 3=present, but degree unspecified; 4=present in sufficient degree to have a very strong effect; 5=present in a degree that amounts to total destruction"
121,mod_disturb_erosion,erosion,v210,TRUE,-1,10007,erosion,condition,TRUE,-1,3028,Codes_altering_features,code,description,erosion,codeTable,TRUE,TRUE,FALSE,FALSE,FALSE,,TRUE,"0=absent or virtually absent; 1=present, but sparse or limited in effects; 2=present in sufficient degree to have considerable effect; 3=present, but degree unspecified; 4=present in sufficient degree to have a very strong effect; 5=present in a degree that amounts to total destruction"
122,mod_disturb_silting,silting,v210,TRUE,-1,10008,silting,condition,TRUE,-1,3029,Codes_altering_features,code,description,silting,codeTable,TRUE,TRUE,FALSE,FALSE,FALSE,,TRUE,"0=absent or virtually absent; 1=present, but sparse or limited in effects; 2=present in sufficient degree to have considerable effect; 3=present, but degree unspecified; 4=present in sufficient degree to have a very strong effect; 5=present in a degree that amounts to total destruction"
123,mod_disturb_tot,obscsite,v210,TRUE,-1,10009,siteAlteration,condition,TRUE,-1,3030,Codes_overallcondition,code,description,siteAlteration,codeTable,TRUE,TRUE,FALSE,FALSE,FALSE,,TRUE,0=none or negligible; 1=slight; 2=moderate; 3=considerable; 4=extreme
124,mod_slope,slope,v210,TRUE,-1,10010,slope,description,TRUE,-1,2005,Codes_slope,code,description,slope,codeTable,TRUE,TRUE,FALSE,FALSE,FALSE,,TRUE,0=flat or nearly flat; 1=slight slope; 2=moderate slope; 3=considerable slope; 4=very steep slope
125,art_lith_gs_wrkshp_field,gswkshop,v210,TRUE,-1,10011,groundstoneField,workshop,TRUE,-1,8002,Codes_workshopField,code,description,groundstoneField,interpTable,TRUE,TRUE,FALSE,FALSE,FALSE,,TRUE,"0=nothing special noted in the field; 1=considered an area of concentration, of unspecified character; 2=judged to be a workshop area; 3=some sort of specialized concentration but not a workshop; 4=possible workshop area"
126,art_lith_obs_wrkshp_field,obwkshop,v210,TRUE,-1,10012,obsidianField,workshop,TRUE,-1,8003,Codes_workshopField,code,description,obsidianField,interpTable,TRUE,TRUE,FALSE,FALSE,FALSE,,TRUE,"0=nothing special noted in the field; 1=considered an area of concentration, of unspecified character; 2=judged to be a workshop area; 3=some sort of specialized concentration but not a workshop; 4=possible workshop area"
127,art_lith_gs_manos,manos,v210,TRUE,-1,10013,manos,lithicGround,TRUE,-1,14002,,,,manos,artifactTable,TRUE,TRUE,FALSE,FALSE,FALSE,,FALSE,
128,art_lith_gs_metates,metates,v211,TRUE,-1,11002,metates,lithicGround,TRUE,-1,14003,,,,metates,artifactTable,TRUE,TRUE,FALSE,FALSE,FALSE,,FALSE,
129,art_lith_gs_mortars,mortars,v211,TRUE,-1,11003,mortars,lithicGround,TRUE,-1,14004,,,,mortars,artifactTable,TRUE,TRUE,FALSE,FALSE,FALSE,,FALSE,
130,art_lith_gs_pestles,pestles,v211,TRUE,-1,11004,pestles,lithicGround,TRUE,-1,14005,,,,pestles,artifactTable,TRUE,TRUE,FALSE,FALSE,FALSE,,FALSE,
131,art_lith_gs_plastersmoothers,psmoothr,v211,TRUE,-1,11005,plasterSmoothers,lithicGround,TRUE,-1,14006,,,,plasterSmoothers,artifactTable,TRUE,TRUE,FALSE,FALSE,FALSE,,FALSE,
132,art_lith_gs_plumbbobs,plumbbob,v211,TRUE,-1,11006,plumbBobs,lithicGround,TRUE,-1,14007,,,,plumbBobs,artifactTable,TRUE,TRUE,FALSE,FALSE,FALSE,,FALSE,
133,art_lith_gs_wallfixtures,wallfixt,v203,TRUE,-1,3005,wallFixtures,lithicGround,TRUE,-1,14008,,,,wallFixSurf,artifactTable,TRUE,TRUE,FALSE,FALSE,FALSE,,FALSE,
134,art_lith_gs_firegods,firegods,v211,TRUE,-1,11008,fireGods,lithicGround,TRUE,-1,14009,,,,fireGods,artifactTable,TRUE,TRUE,FALSE,FALSE,FALSE,,FALSE,
135,art_lith_gs_sculpturefrags,mscstnsc,v211,TRUE,-1,11009,sculptureFrags,lithicGround,TRUE,-1,14010,,,,sculptureFrags,artifactTable,TRUE,TRUE,FALSE,FALSE,FALSE,,FALSE,
136,art_lith_gs_hammerstones,hammers,v211,TRUE,-1,11010,hammerStones,lithicGround,TRUE,-1,14011,,,,hammerStones,artifactTable,TRUE,TRUE,FALSE,FALSE,FALSE,,FALSE,
137,art_lith_gs_slingstones,slingstn,v211,TRUE,-1,11011,slingStones,lithicGround,TRUE,-1,14012,,,,slingStones,artifactTable,TRUE,TRUE,FALSE,FALSE,FALSE,,FALSE,
138,art_lith_gs_smoothstones,smthstn,v211,TRUE,-1,11012,smoothStones,lithicGround,TRUE,-1,14013,,,,smoothStones,artifactTable,TRUE,TRUE,FALSE,FALSE,FALSE,,FALSE,
139,art_lith_gs_whetstones,whetstn,v211,TRUE,-1,11013,whetStones,lithicGround,TRUE,-1,14014,,,,whetStones,artifactTable,TRUE,TRUE,FALSE,FALSE,FALSE,,FALSE,
140,art_lith_gs_palettes,palettes,v212,TRUE,-1,12002,palettes,lithicGround,TRUE,-1,14015,,,,palettes,artifactTable,TRUE,TRUE,FALSE,FALSE,FALSE,,FALSE,
141,art_lith_gs_celts,celts,v212,TRUE,-1,12003,celts,lithicGround,TRUE,-1,14016,,,,celts,artifactTable,TRUE,TRUE,FALSE,FALSE,FALSE,,FALSE,
142,art_lith_gs_lajasreworked,rwkdlaja,v212,TRUE,-1,12004,lajasReworked,lithicGround,TRUE,-1,14017,,,,lajasReworked,artifactTable,TRUE,TRUE,FALSE,FALSE,FALSE,,FALSE,
143,art_lith_gs_anvils,anvils,v212,TRUE,-1,12005,anvils,lithicGround,TRUE,-1,14018,,,,anvils,artifactTable,TRUE,TRUE,FALSE,FALSE,FALSE,,FALSE,
144,art_lith_gs_drains,drains,v203,TRUE,-1,3004,drains,lithicGround,TRUE,-1,14019,,,,drainSurface,artifactTable,TRUE,TRUE,FALSE,FALSE,FALSE,,FALSE,
145,art_lith_gs_draincovers,draincvr,v212,TRUE,-1,12007,drainCovers,lithicGround,TRUE,-1,14020,,,,drainCovers,artifactTable,TRUE,TRUE,FALSE,FALSE,FALSE,,FALSE,
146,art_lith_gs_other,othergs,v212,TRUE,-1,12008,groundstoneOther,lithicGround,TRUE,-1,14021,,,,groundstoneOther,artifactTable,TRUE,TRUE,FALSE,FALSE,FALSE,,FALSE,
147,art_lith_obs_tot,obsitots,v401,TRUE,-1,41008,obsidianTot,lithicFlaked,TRUE,-1,13002,,,,obsidianTot,totalsTable,TRUE,TRUE,FALSE,FALSE,FALSE,,FALSE,
148,art_lith_obs_blades,obsiblds,v301,TRUE,-1,31003,obsidianBlades,lithicFlaked,TRUE,-1,13003,,,,obsidianBlades,artifactTable,TRUE,TRUE,FALSE,FALSE,FALSE,,FALSE,
149,art_lith_obs_waste,obsiwste,v401,TRUE,-1,41009,obsidianWaste,lithicFlaked,TRUE,-1,13004,,,,obsidianWaste,artifactTable,TRUE,TRUE,FALSE,FALSE,FALSE,,FALSE,
150,art_lith_obs_scrapers,obsiscrp,v301,TRUE,-1,31004,obsidianScrapers,lithicFlaked,TRUE,-1,13005,,,,obsidianScrapers,artifactTable,TRUE,TRUE,FALSE,FALSE,FALSE,,FALSE,
151,art_lith_obs_points,obsipnts,v301,TRUE,-1,31005,obsidianPoints,lithicFlaked,TRUE,-1,13006,,,,,,,FALSE,FALSE,TRUE,FALSE,,FALSE,
152,art_lith_obs_cores,obsicors,v301,TRUE,-1,31006,obsidianCores,lithicFlaked,TRUE,-1,13007,,,,obsidianCores,artifactTable,TRUE,TRUE,FALSE,FALSE,FALSE,,FALSE,
153,art_lith_obs_knives,obsikniv,v212,TRUE,-1,12009,obsidianKnives,lithicFlaked,TRUE,-1,13008,,,,,,,FALSE,FALSE,TRUE,FALSE,,FALSE,
154,art_lith_obs_eccentrics,obsiecce,v212,TRUE,-1,12010,obsidianEccentrics,lithicFlaked,TRUE,-1,13009,,,,obsidianEccentrics,artifactTable,TRUE,TRUE,FALSE,FALSE,FALSE,,FALSE,
155,art_lith_obs_scrapersmaguey,obsimgsc,v212,TRUE,-1,12011,obsidianMagueyS,lithicFlaked,TRUE,-1,13010,,,,obsidianMagueyS,artifactTable,TRUE,TRUE,FALSE,FALSE,FALSE,,FALSE,
156,art_lith_obs_utilizedflakes,obsiuflk,v301,TRUE,-1,31007,obsidianUtFlake,lithicFlaked,TRUE,-1,13011,,,,obsidianUtFlake,artifactTable,TRUE,TRUE,FALSE,FALSE,FALSE,,FALSE,
157,art_lith_obs_nodules,obsinods,v301,TRUE,-1,31008,obsidianNodules,lithicFlaked,TRUE,-1,13012,,,,obsidianNodules,artifactTable,TRUE,TRUE,FALSE,FALSE,FALSE,,FALSE,
158,art_lith_basalt_tot,bslttots,v301,TRUE,-1,31009,basaltTot,lithicFlaked,TRUE,-1,13013,,,,basaltTot,totalsTable,TRUE,TRUE,FALSE,FALSE,FALSE,,FALSE,
159,art_lith_basalt_tools,bslttool,v212,TRUE,-1,12012,basaltTools,lithicFlaked,TRUE,-1,13014,,,,basaltTools,artifactTable,TRUE,TRUE,FALSE,FALSE,FALSE,,FALSE,
160,art_lith_chert_tot,chrtfrag,v212,TRUE,-1,12013,chert,lithicFlaked,TRUE,-1,13015,,,,Chert,artifactTable,TRUE,TRUE,FALSE,FALSE,FALSE,,FALSE,
161,art_lith_quartz_tot,quartz,v213,TRUE,-1,13002,quartz,lithicFlaked,TRUE,-1,13016,,,,Quartz,artifactTable,TRUE,TRUE,FALSE,FALSE,FALSE,,FALSE,
162,art_lith_slate_tot,slatetot,v213,TRUE,-1,13003,slateTot,lithicGround,TRUE,-1,14022,,,,slateTot,totalsTable,TRUE,TRUE,FALSE,FALSE,FALSE,,FALSE,
163,art_lith_slate_painted,slatepnt,v213,TRUE,-1,13004,slatePainted,lithicGround,TRUE,-1,14023,,,,slatePainted,artifactTable,TRUE,TRUE,FALSE,FALSE,FALSE,,FALSE,
164,art_lith_alabaster,alabastr,v213,TRUE,-1,13005,alabaster,lithicGround,TRUE,-1,14024,,,,alabaster,artifactTable,TRUE,TRUE,FALSE,FALSE,FALSE,,FALSE,
165,art_lith_serpentine_tot,serpentn,v213,TRUE,-1,13006,serpentine,lithicGround,TRUE,-1,14025,,,,,,,FALSE,FALSE,TRUE,FALSE,,FALSE,
166,art_lith_jade_tot,jade,v213,TRUE,-1,13007,jade,lithicGround,TRUE,-1,14026,,,,,,,FALSE,FALSE,TRUE,FALSE,,FALSE,
167,art_bone_worked,wrkdbone,v213,TRUE,-1,13008,workedBone,artifactOther,TRUE,-1,15002,,,,workedBone,artifactTable,TRUE,TRUE,FALSE,FALSE,FALSE,,FALSE,
168,art_shell_tot,shelltot,v213,TRUE,-1,13009,shellTot,artifactOther,TRUE,-1,15003,,,,shellTot,totalsTable,TRUE,TRUE,FALSE,FALSE,FALSE,,FALSE,
169,art_shell_worked,shellwkd,v213,TRUE,-1,13010,shellWorked,artifactOther,TRUE,-1,15004,,,,shellWorked,artifactTable,TRUE,TRUE,FALSE,FALSE,FALSE,,FALSE,
170,art_cer_fig_tot,figutots,v301,TRUE,-1,31010,figTot,cerNonVessel,TRUE,-1,11002,,,,figTot,totalsTable,TRUE,TRUE,FALSE,FALSE,FALSE,,FALSE,
171,art_cer_fig_head,figheads,v213,TRUE,-1,13011,figHead,cerNonVessel,TRUE,-1,11003,,,,figHead,artifactTable,TRUE,TRUE,FALSE,FALSE,FALSE,,FALSE,
172,art_cer_fig_pre_patl,ppatfigs,v213,TRUE,-1,13012,figPPat,cerNonVessel,TRUE,-1,11004,,,,figPPat,artifactTable,TRUE,TRUE,FALSE,FALSE,FALSE,,FALSE,
173,art_cer_fig_patl,patlfigs,v213,TRUE,-1,13013,figPatl,cerNonVessel,TRUE,-1,11005,,,,figPatl,artifactTable,TRUE,TRUE,FALSE,FALSE,FALSE,,FALSE,
174,art_cer_fig_tzac,tzacfigs,v214,TRUE,-1,14002,figTzac,cerNonVessel,TRUE,-1,11006,,,,figTzac,artifactTable,TRUE,TRUE,FALSE,FALSE,FALSE,,FALSE,
175,art_cer_fig_micc,miccfigs,v214,TRUE,-1,14003,figMicc,cerNonVessel,TRUE,-1,11007,,,,figMic,artifactTable,TRUE,TRUE,FALSE,FALSE,FALSE,,FALSE,
176,art_cer_fig_tlam,tlamfigs,v214,TRUE,-1,14004,figTlam,cerNonVessel,TRUE,-1,11008,,,,figTlam,artifactTable,TRUE,TRUE,FALSE,FALSE,FALSE,,FALSE,
177,art_cer_fig_xola,xolafigs,v214,TRUE,-1,14005,figXola,cerNonVessel,TRUE,-1,11009,,,,figXola,artifactTable,TRUE,TRUE,FALSE,FALSE,FALSE,,FALSE,
178,art_cer_fig_mete,metefigs,v214,TRUE,-1,14006,figMete,cerNonVessel,TRUE,-1,11010,,,,figMete,artifactTable,TRUE,TRUE,FALSE,FALSE,FALSE,,FALSE,
179,art_cer_fig_toltec,toltfigs,v214,TRUE,-1,14007,figTolt,cerNonVessel,TRUE,-1,11011,,,,figToltec,artifactTable,TRUE,TRUE,FALSE,FALSE,FALSE,,FALSE,
180,art_cer_fig_aztec,aztefigs,v214,TRUE,-1,14008,figAzte,cerNonVessel,TRUE,-1,11012,,,,figAzte,artifactTable,TRUE,TRUE,FALSE,FALSE,FALSE,,FALSE,
181,art_cer_fig_pupp,puppfigs,v214,TRUE,-1,14009,figPupp,cerNonVessel,TRUE,-1,11013,,,,figPupp,artifactTable,TRUE,TRUE,FALSE,FALSE,FALSE,,FALSE,
182,art_cer_spwhorl,spinwhrl,v214,TRUE,-1,14010,spindleWhorl,cerNonVessel,TRUE,-1,11014,,,,spindleWhorl,artifactTable,TRUE,TRUE,FALSE,FALSE,FALSE,,FALSE,
183,art_cer_sealstamp,sealstmp,v214,TRUE,-1,14011,sealStamp,cerNonVessel,TRUE,-1,11015,,,,sealStamp,artifactTable,TRUE,TRUE,FALSE,FALSE,FALSE,,FALSE,
184,art_cer_earspool,earspool,v214,TRUE,-1,14012,earSpool,cerNonVessel,TRUE,-1,11016,,,,earSpool,artifactTable,TRUE,TRUE,FALSE,FALSE,FALSE,,FALSE,
185,art_cer_whistle,whistles,v214,TRUE,-1,14013,whistle,cerNonVessel,TRUE,-1,11017,,,,whistle,artifactTable,TRUE,TRUE,FALSE,FALSE,FALSE,,FALSE,
186,art_cer_flute,flutes,v215,TRUE,-1,15002,flute,cerNonVessel,TRUE,-1,11018,,,,flute,artifactTable,TRUE,TRUE,FALSE,FALSE,FALSE,,FALSE,
187,meta_pers_lab1,ceranwk1,v215,TRUE,-1,15003,labAnalysts1,labAnalysts,TRUE,-1,17002,Codes_personnel,code,description,workLab1,codeTable,TRUE,TRUE,FALSE,FALSE,FALSE,,TRUE,1=Rene Millon; 2=Bruce Drewitt; 3=James A. Bennyhoff; 4=Pedro Banos; 5=George L. Cowgill; 6=Michael W. Spence; 7=Matthew Wallrath; 8=Joseph D. Marino; 9=Warren T. D. Barbour; 10=Arnulfo de Lucio; 11=Jose de Lucio; 12=Darlena K. Blucher; 13=Daniel W. Hungerford; 14=Donald R. Sutherland; 15=S. Jeffrey K. Wilkerson; 16=Steve M. Sharnoff; 17=Silvestre Sanchez; 18=Charles K. Fletcher; 19=Charles C. Kolb; 20=Clara Millon; 21=Wendy Drewitt; 22=James W. Dow; 23=Mario de Lucio; 24=Paul Shankman; 25=Chris D. Dodds; 26=G. Raymond Krotser; 27=A. Jane Quisenberry; 28=Michael S. West; 29=Dan B. Bruhns; 30=Karen O. Bruhns; 31=Silvia G. Duran; 32=Erica West
188,meta_pers_lab2,ceranwk2,v215,TRUE,-1,15004,labAnalysts2,labAnalysts,TRUE,-1,17003,Codes_personnel,code,description,workLab2,codeTable,TRUE,TRUE,FALSE,FALSE,FALSE,,TRUE,1=Rene Millon; 2=Bruce Drewitt; 3=James A. Bennyhoff; 4=Pedro Banos; 5=George L. Cowgill; 6=Michael W. Spence; 7=Matthew Wallrath; 8=Joseph D. Marino; 9=Warren T. D. Barbour; 10=Arnulfo de Lucio; 11=Jose de Lucio; 12=Darlena K. Blucher; 13=Daniel W. Hungerford; 14=Donald R. Sutherland; 15=S. Jeffrey K. Wilkerson; 16=Steve M. Sharnoff; 17=Silvestre Sanchez; 18=Charles K. Fletcher; 19=Charles C. Kolb; 20=Clara Millon; 21=Wendy Drewitt; 22=James W. Dow; 23=Mario de Lucio; 24=Paul Shankman; 25=Chris D. Dodds; 26=G. Raymond Krotser; 27=A. Jane Quisenberry; 28=Michael S. West; 29=Dan B. Bruhns; 30=Karen O. Bruhns; 31=Silvia G. Duran; 32=Erica West
189,meta_pers_lab3,ceranwk3,v215,TRUE,-1,15005,labAnalysts3,labAnalysts,TRUE,-1,17004,Codes_personnel,code,description,workLab3,codeTable,TRUE,TRUE,FALSE,FALSE,FALSE,,TRUE,1=Rene Millon; 2=Bruce Drewitt; 3=James A. Bennyhoff; 4=Pedro Banos; 5=George L. Cowgill; 6=Michael W. Spence; 7=Matthew Wallrath; 8=Joseph D. Marino; 9=Warren T. D. Barbour; 10=Arnulfo de Lucio; 11=Jose de Lucio; 12=Darlena K. Blucher; 13=Daniel W. Hungerford; 14=Donald R. Sutherland; 15=S. Jeffrey K. Wilkerson; 16=Steve M. Sharnoff; 17=Silvestre Sanchez; 18=Charles K. Fletcher; 19=Charles C. Kolb; 20=Clara Millon; 21=Wendy Drewitt; 22=James W. Dow; 23=Mario de Lucio; 24=Paul Shankman; 25=Chris D. Dodds; 26=G. Raymond Krotser; 27=A. Jane Quisenberry; 28=Michael S. West; 29=Dan B. Bruhns; 30=Karen O. Bruhns; 31=Silvia G. Duran; 32=Erica West
190,meta_time_analysis_yr,ceranyr,v215,TRUE,-1,15006,analysisYear,admin,TRUE,-1,1004,,,,analysisYear,codeTable,TRUE,TRUE,FALSE,FALSE,FALSE,,FALSE,
191,meta_time_analysis_qtr,ceranqt,v215,TRUE,-1,15007,analysisQuarter,admin,TRUE,-1,1005,Codes_quarter,code,description,analysisQuarter,codeTable,TRUE,TRUE,FALSE,FALSE,FALSE,,TRUE,1=December-February; 2=March-May; 3=June-August; 4=September-November
192,art_cer_wrkshp_field,fldcwksh,v215,TRUE,-1,15008,ceramicField,workshop,TRUE,-1,8004,Codes_workshopField,code,description,ceramicField,interpTable,TRUE,TRUE,FALSE,FALSE,FALSE,,TRUE,"0=nothing special noted in the field; 1=considered an area of concentration, of unspecified character; 2=judged to be a workshop area; 3=some sort of specialized concentration but not a workshop; 4=possible workshop area"
193,art_cer_abundance,fldcabun,v215,TRUE,-1,15009,ceramicAbundance,description,TRUE,-1,2009,Codes_ceramicAbundance,code,description,ceramicAbundance,codeTable,TRUE,TRUE,FALSE,FALSE,FALSE,,TRUE,0=Absent; 1=Very Sparse; 2=Very Sparse to Sparse; 3=Sparse; 4=Sparse to Moderate; 5=Moderate; 6=Moderate to Abundant; 7=Abundant; 8=Abundant to Very Abundant; 9=Very Abundant
194,art_cer_cand_tot,candtots,v301,TRUE,-1,31011,candTot,cerNonVessel,TRUE,-1,11020,,,,candTot,totalsTable,TRUE,TRUE,FALSE,FALSE,FALSE,,FALSE,
195,art_cer_cand_coat,coatcand,v215,TRUE,-1,15010,candCoat,cerNonVessel,TRUE,-1,11021,,,,candCoat,artifactTable,TRUE,TRUE,FALSE,FALSE,FALSE,,FALSE,
196,art_cer_cand_atoy,atoycand,v215,TRUE,-1,15011,candAtoy,cerNonVessel,TRUE,-1,11022,,,,candAtoy,artifactTable,TRUE,TRUE,FALSE,FALSE,FALSE,,FALSE,
197,art_cer_cand_exol,exolcand,v215,TRUE,-1,15012,candEXol,cerNonVessel,TRUE,-1,11023,,,,candEXol,artifactTable,TRUE,TRUE,FALSE,FALSE,FALSE,,FALSE,
198,art_cer_cand_lxol,lxolcand,v215,TRUE,-1,15013,candLXol,cerNonVessel,TRUE,-1,11024,,,,candLXol,artifactTable,TRUE,TRUE,FALSE,FALSE,FALSE,,FALSE,
199,art_cer_cand_mete,metecand,v301,TRUE,-1,31012,candMete,cerNonVessel,TRUE,-1,11025,,,,candMete,artifactTable,TRUE,TRUE,FALSE,FALSE,FALSE,,FALSE,
200,art_cer_cand_common,commcand,v301,TRUE,-1,31013,candComm,cerNonVessel,TRUE,-1,11026,,,,candComm,artifactTable,TRUE,TRUE,FALSE,FALSE,FALSE,,FALSE,
201,art_cer_burner3p,brn3prng,v302,TRUE,-1,32002,burner3P,cerVessel,TRUE,-1,10068,,,,burner3P,artifactTable,TRUE,TRUE,FALSE,FALSE,FALSE,,FALSE,
202,art_cer_coverhandled,handcovr,v302,TRUE,-1,32003,coverHandled,cerVessel,TRUE,-1,10069,,,,coverHandled,artifactTable,TRUE,TRUE,FALSE,FALSE,FALSE,,FALSE,
203,meta_loc_site_area,areasite,v401,TRUE,-1,41010,areaSite,description,TRUE,-1,2006,,,,areaSite,artifactTable,TRUE,TRUE,FALSE,FALSE,FALSE,,FALSE,
204,art_cer_tot_all,shrdstot,v401,TRUE,-1,41011,totAll,cerPhTot,TRUE,-1,12002,,,,totAll,totalsTable,TRUE,TRUE,FALSE,FALSE,FALSE,,FALSE,
205,art_cer_tot_precl,othpclas,v216,TRUE,-1,16002,totPrec,cerPhTot,TRUE,-1,12003,,,,totPreCl,artifactTable,TRUE,TRUE,FALSE,FALSE,FALSE,,FALSE,
206,art_cer_tot_cuan,cuanalan,v302,TRUE,-1,32004,totCuan,cerPhTot,TRUE,-1,12004,,,,totCuan,artifactTable,TRUE,TRUE,FALSE,FALSE,FALSE,,FALSE,
207,art_cer_tot_tezo,tezoyuca,v302,TRUE,-1,32005,totTezo,cerPhTot,TRUE,-1,12005,,,,totTezo,artifactTable,TRUE,TRUE,FALSE,FALSE,FALSE,,FALSE,
208,art_cer_tot_patl,patlachi,v302,TRUE,-1,32006,totPatl,cerPhTot,TRUE,-1,12006,,,,totPatl,totalsTable,TRUE,TRUE,FALSE,FALSE,FALSE,,FALSE,
209,art_cer_tot_tzac,tzacuall,v302,TRUE,-1,32007,totTzac,cerPhTot,TRUE,-1,12007,,,,totTzac,totalsTable,TRUE,TRUE,FALSE,FALSE,FALSE,,FALSE,
210,art_cer_tot_micc,miccaotl,v302,TRUE,-1,32008,totMicc,cerPhTot,TRUE,-1,12008,,,,totMicc,totalsTable,TRUE,TRUE,FALSE,FALSE,FALSE,,FALSE,
211,art_cer_tot_tlam,tlamimil,v302,TRUE,-1,32009,totTlam,cerPhTot,TRUE,-1,12009,,,,totTlam,totalsTable,TRUE,TRUE,FALSE,FALSE,FALSE,,FALSE,
212,art_cer_tot_xola,xolalpan,v302,TRUE,-1,32010,totXola,cerPhTot,TRUE,-1,12010,,,,totXola,totalsTable,TRUE,TRUE,FALSE,FALSE,FALSE,,FALSE,
213,art_cer_tot_mete,metepec,v302,TRUE,-1,32011,totMete,cerPhTot,TRUE,-1,12011,,,,totMete,totalsTable,TRUE,TRUE,FALSE,FALSE,FALSE,,FALSE,
214,art_cer_tot_oxto,oxtotipa,v302,TRUE,-1,32012,totOxto,cerPhTot,TRUE,-1,12012,,,,,,,FALSE,FALSE,TRUE,FALSE,,FALSE,
215,art_cer_tot_xome,xometla,v302,TRUE,-1,32013,totXome,cerPhTot,TRUE,-1,12013,,,,,,,FALSE,FALSE,TRUE,FALSE,,FALSE,
216,art_cer_tot_maza,mazapan,v303,TRUE,-1,33002,totMaza,cerPhTot,TRUE,-1,12014,,,,totMazapan,artifactTable,TRUE,TRUE,FALSE,FALSE,FALSE,,FALSE,
217,art_cer_tot_aztec,aztec,v303,TRUE,-1,33003,totAzte,cerPhTot,TRUE,-1,12015,,,,totAztec,artifactTable,TRUE,TRUE,FALSE,FALSE,FALSE,,FALSE,
218,art_cer_censer_tot,cnsrtots,v303,TRUE,-1,33004,censerTot,cerVessel,TRUE,-1,10018,,,,censerTot,totalsTable,TRUE,TRUE,FALSE,FALSE,FALSE,,FALSE,
219,art_cer_censer_precl,ppatcnsr,v216,TRUE,-1,16003,censerPPat,cerVessel,TRUE,-1,10019,,,,censerPPat,artifactTable,TRUE,TRUE,FALSE,FALSE,FALSE,,FALSE,
220,art_cer_censer_patl,patlcnsr,v216,TRUE,-1,16004,censerPatl,cerVessel,TRUE,-1,10020,,,,censerPatl,artifactTable,TRUE,TRUE,FALSE,FALSE,FALSE,,FALSE,
221,art_cer_censer_tzac,tzaccnsr,v216,TRUE,-1,16005,censerTzac,cerVessel,TRUE,-1,10021,,,,censerTzac,artifactTable,TRUE,TRUE,FALSE,FALSE,FALSE,,FALSE,
222,art_cer_censer_micc,micccnsr,v303,TRUE,-1,33005,censerMicc,cerVessel,TRUE,-1,10022,,,,censerMicc,artifactTable,TRUE,TRUE,FALSE,FALSE,FALSE,,FALSE,
223,art_cer_censer_tlam,tlamcnsr,v303,TRUE,-1,33006,censerTlam,cerVessel,TRUE,-1,10023,,,,censerTlam,artifactTable,TRUE,TRUE,FALSE,FALSE,FALSE,,FALSE,
224,art_cer_censer_xola,xolacnsr,v303,TRUE,-1,33007,censerXola,cerVessel,TRUE,-1,10024,,,,censerXola,artifactTable,TRUE,TRUE,FALSE,FALSE,FALSE,,FALSE,
225,art_cer_censer_mete,metecnsr,v303,TRUE,-1,33008,censerMete,cerVessel,TRUE,-1,10025,,,,censerMete,artifactTable,TRUE,TRUE,FALSE,FALSE,FALSE,,FALSE,
226,art_cer_censer_oxto,oxtocnsr,v216,TRUE,-1,16006,censerOxto,cerVessel,TRUE,-1,10026,,,,,,,FALSE,FALSE,TRUE,FALSE,,FALSE,
227,art_cer_censer_xome,xomecnsr,v216,TRUE,-1,16007,censerXome,cerVessel,TRUE,-1,10027,,,,,,,FALSE,FALSE,TRUE,FALSE,,FALSE,
228,art_cer_censer_maza,mazacnsr,v216,TRUE,-1,16008,censerMaza,cerVessel,TRUE,-1,10028,,,,,,,FALSE,FALSE,TRUE,FALSE,,FALSE,
229,art_cer_censer_aztec,aztecnsr,v216,TRUE,-1,16009,censerAzte,cerVessel,TRUE,-1,10029,,,,,,,FALSE,FALSE,TRUE,FALSE,,FALSE,
230,art_cer_to_tot,thnotots,v303,TRUE,-1,33009,toTot,cerVessel,TRUE,-1,10038,,,,toTot,totalsTable,TRUE,TRUE,FALSE,FALSE,FALSE,,FALSE,
231,art_cer_to_regular,regthno,v303,TRUE,-1,33010,toRegular,cerVessel,TRUE,-1,10039,,,,toRegular,artifactTable,TRUE,TRUE,FALSE,FALSE,FALSE,,FALSE,
232,art_cer_to_coarse,crsthno,v303,TRUE,-1,33011,toCoarse,cerVessel,TRUE,-1,10040,,,,toCoarse,artifactTable,TRUE,TRUE,FALSE,FALSE,FALSE,,FALSE,
233,art_cer_smo_tot,smotots,v303,TRUE,-1,33012,smoTot,cerVessel,TRUE,-1,10041,,,,smoTot,totalsTable,TRUE,TRUE,FALSE,FALSE,FALSE,,FALSE,
234,art_cer_smo_tlam,tlamsmo,v216,TRUE,-1,16010,smoTlam,cerVessel,TRUE,-1,10042,,,,smoTlam,artifactTable,TRUE,TRUE,FALSE,FALSE,FALSE,,FALSE,
235,art_cer_smo_xola,xolasmo,v303,TRUE,-1,33013,smoXola,cerVessel,TRUE,-1,10043,,,,smoXola,artifactTable,TRUE,TRUE,FALSE,FALSE,FALSE,,FALSE,
236,art_cer_smo_mete,metesmo,v304,TRUE,-1,34002,smoMete,cerVessel,TRUE,-1,10044,,,,smoMete,artifactTable,TRUE,TRUE,FALSE,FALSE,FALSE,,FALSE,
237,art_cer_olla_tot,ollatot,v304,TRUE,-1,34003,ollaTot,cerVessel,TRUE,-1,10002,,,,ollaTot,totalsTable,TRUE,TRUE,FALSE,FALSE,FALSE,,FALSE,
238,art_cer_olla_patl,patlolla,v304,TRUE,-1,34004,ollaPatl,cerVessel,TRUE,-1,10003,,,,ollaPatl,artifactTable,TRUE,TRUE,FALSE,FALSE,FALSE,,FALSE,
239,art_cer_olla_wedge,wdgrolla,v304,TRUE,-1,34005,ollaWedge,cerVessel,TRUE,-1,10004,,,,ollaWedge,artifactTable,TRUE,TRUE,FALSE,FALSE,FALSE,,FALSE,
240,art_cer_olla_micc,miccolla,v304,TRUE,-1,34006,ollaMicc,cerVessel,TRUE,-1,10005,,,,ollaMicc,artifactTable,TRUE,TRUE,FALSE,FALSE,FALSE,,FALSE,
241,art_cer_olla_tlam,tlamolla,v304,TRUE,-1,34007,ollaTlam,cerVessel,TRUE,-1,10006,,,,ollaTlam,artifactTable,TRUE,TRUE,FALSE,FALSE,FALSE,,FALSE,
242,art_cer_olla_xola,xolaolla,v304,TRUE,-1,34008,ollaXola,cerVessel,TRUE,-1,10007,,,,ollaXola,artifactTable,TRUE,TRUE,FALSE,FALSE,FALSE,,FALSE,
243,art_cer_olla_mete,meteolla,v304,TRUE,-1,34009,ollaMete,cerVessel,TRUE,-1,10008,,,,ollaMete,artifactTable,TRUE,TRUE,FALSE,FALSE,FALSE,,FALSE,
244,art_cer_comal_tot,comltots,v304,TRUE,-1,34010,comalTot,cerVessel,TRUE,-1,10009,,,,comalTot,totalsTable,TRUE,TRUE,FALSE,FALSE,FALSE,,FALSE,
245,art_cer_comal_patl,patlcoml,v216,TRUE,-1,16011,comalPatl,cerVessel,TRUE,-1,10010,,,,comalPatl,artifactTable,TRUE,TRUE,FALSE,FALSE,FALSE,,FALSE,
246,art_cer_comal_tzac,tzaccoml,v216,TRUE,-1,16012,comalTzac,cerVessel,TRUE,-1,10011,,,,comalTzac,artifactTable,TRUE,TRUE,FALSE,FALSE,FALSE,,FALSE,
247,art_cer_comal_micc,micccoml,v216,TRUE,-1,16013,comalMicc,cerVessel,TRUE,-1,10012,,,,comalMicc,artifactTable,TRUE,TRUE,FALSE,FALSE,FALSE,,FALSE,
248,art_cer_comal_tlam,tlamcoml,v217,TRUE,-1,17002,comalTlam,cerVessel,TRUE,-1,10013,,,,comalTlam,artifactTable,TRUE,TRUE,FALSE,FALSE,FALSE,,FALSE,
249,art_cer_comal_xola,xolacoml,v304,TRUE,-1,34011,comalXola,cerVessel,TRUE,-1,10014,,,,comalXola,artifactTable,TRUE,TRUE,FALSE,FALSE,FALSE,,FALSE,
250,art_cer_comal_mete,metecoml,v304,TRUE,-1,34012,comalMete,cerVessel,TRUE,-1,10015,,,,comalMete,artifactTable,TRUE,TRUE,FALSE,FALSE,FALSE,,FALSE,
251,art_cer_comal_oxto,oxtocoml,v217,TRUE,-1,17003,comalOxto,cerVessel,TRUE,-1,10016,,,,comalOxto,artifactTable,TRUE,TRUE,FALSE,FALSE,FALSE,,FALSE,
252,art_cer_comal_postcl,poxtcoml,v304,TRUE,-1,34013,comalPOxt,cerVessel,TRUE,-1,10017,,,,comalPOxt,artifactTable,TRUE,TRUE,FALSE,FALSE,FALSE,,FALSE,
253,art_cer_nubbin_tot,nubbtots,v305,TRUE,-1,35002,nubbinTot,cerVessel,TRUE,-1,10030,,,,nubbinTot,totalsTable,TRUE,TRUE,FALSE,FALSE,FALSE,,FALSE,
254,art_cer_nubbin_patl,patlnubb,v217,TRUE,-1,17004,nubbinPatl,cerVessel,TRUE,-1,10031,,,,nubbinPatl,artifactTable,TRUE,TRUE,FALSE,FALSE,FALSE,,FALSE,
255,art_cer_nubbin_apet,apetnubb,v217,TRUE,-1,17005,nubbinApet,cerVessel,TRUE,-1,10032,,,,nubbinApet,artifactTable,TRUE,TRUE,FALSE,FALSE,FALSE,,FALSE,
256,art_cer_nubbin_inset,instnubb,v217,TRUE,-1,17006,nubbinInset,cerVessel,TRUE,-1,10033,,,,nubbinInset,artifactTable,TRUE,TRUE,FALSE,FALSE,FALSE,,FALSE,
257,art_cer_nubbin_flush,flshnubb,v217,TRUE,-1,17007,nubbinFlush,cerVessel,TRUE,-1,10034,,,,nubbinFlush,artifactTable,TRUE,TRUE,FALSE,FALSE,FALSE,,FALSE,
258,art_cer_nubbin_atoy,atoynubb,v217,TRUE,-1,17008,nubbinAtoy,cerVessel,TRUE,-1,10035,,,,nubbinAtoy,artifactTable,TRUE,TRUE,FALSE,FALSE,FALSE,,FALSE,
259,art_cer_nubbin_xola,xolanubb,v217,TRUE,-1,17009,nubbinXola,cerVessel,TRUE,-1,10036,,,,nubbinXola,artifactTable,TRUE,TRUE,FALSE,FALSE,FALSE,,FALSE,
260,art_cer_nubbin_mete,metenubb,v217,TRUE,-1,17010,nubbinMete,cerVessel,TRUE,-1,10037,,,,nubbinMete,artifactTable,TRUE,TRUE,FALSE,FALSE,FALSE,,FALSE,
261,art_cer_stamped,stmpshrd,v217,TRUE,-1,17011,shrdStamped,cerVessel,TRUE,-1,10045,,,,shrdStamped,artifactTable,TRUE,TRUE,FALSE,FALSE,FALSE,,FALSE,
262,art_cer_planorelief,plrfshrd,v217,TRUE,-1,17012,shrdPlanoR,cerVessel,TRUE,-1,10046,,,,shrdPlanoR,artifactTable,TRUE,TRUE,FALSE,FALSE,FALSE,,FALSE,
263,art_cer_stucco,stccshrd,v217,TRUE,-1,17013,shrdStucco,cerVessel,TRUE,-1,10047,,,,shrdStucco,artifactTable,TRUE,TRUE,FALSE,FALSE,FALSE,,FALSE,
264,art_cer_incised,incishrd,v218,TRUE,-1,18002,shrdIncised,cerVessel,TRUE,-1,10048,,,,shrdIncised,artifactTable,TRUE,TRUE,FALSE,FALSE,FALSE,,FALSE,
265,art_cer_foreign_tot,frnshtot,v218,TRUE,-1,18003,foreignTot,cerVessel,TRUE,-1,10049,,,,foreignTot,totalsTable,TRUE,TRUE,FALSE,FALSE,FALSE,,FALSE,
266,art_cer_foreign_mayalow,lowmaya,v218,TRUE,-1,18004,mayaLow,cerVessel,TRUE,-1,10050,,,,mayaLow,artifactTable,TRUE,TRUE,FALSE,FALSE,FALSE,,FALSE,
267,art_cer_foreign_mayahigh,highmaya,v218,TRUE,-1,18005,mayaHigh,cerVessel,TRUE,-1,10051,,,,mayaHigh,artifactTable,TRUE,TRUE,FALSE,FALSE,FALSE,,FALSE,
268,art_cer_foreign_huastec,huastec,v218,TRUE,-1,18006,huastec,cerVessel,TRUE,-1,10052,,,,huastec,artifactTable,TRUE,TRUE,FALSE,FALSE,FALSE,,FALSE,
269,art_cer_foreign_tajin,tajin,v218,TRUE,-1,18007,tajin,cerVessel,TRUE,-1,10053,,,,tajin,artifactTable,TRUE,TRUE,FALSE,FALSE,FALSE,,FALSE,
270,art_cer_foreign_gulfcoast,gulfcst,v218,TRUE,-1,18008,gulfCoast,cerVessel,TRUE,-1,10054,,,,gulfCoast,artifactTable,TRUE,TRUE,FALSE,FALSE,FALSE,,FALSE,
271,art_cer_foreign_montealban,montealb,v218,TRUE,-1,18009,monteAlban,cerVessel,TRUE,-1,10055,,,,monteAlban,artifactTable,TRUE,TRUE,FALSE,FALSE,FALSE,,FALSE,
272,art_cer_foreign_oaxaca,oaxaca,v218,TRUE,-1,18010,oaxaca,cerVessel,TRUE,-1,10056,,,,oaxaca,artifactTable,TRUE,TRUE,FALSE,FALSE,FALSE,,FALSE,
273,art_cer_foreign_other,othfrn,v218,TRUE,-1,18011,foreignOther,cerVessel,TRUE,-1,10057,,,,foreignOther,artifactTable,TRUE,TRUE,FALSE,FALSE,FALSE,,FALSE,
274,art_cer_adornos,adornos,v218,TRUE,-1,18012,adornos,cerVessel,TRUE,-1,10058,,,,adornos,artifactTable,TRUE,TRUE,FALSE,FALSE,FALSE,,FALSE,
275,art_cer_mini,miniatur,v218,TRUE,-1,18013,minatures,cerVessel,TRUE,-1,10059,,,,minatures,artifactTable,TRUE,TRUE,FALSE,FALSE,FALSE,,FALSE,
276,art_cer_copas,copas,v219,TRUE,-1,19002,copas,cerVessel,TRUE,-1,10060,,,,copas,artifactTable,TRUE,TRUE,FALSE,FALSE,FALSE,,FALSE,
277,art_cer_matteware,mattware,v219,TRUE,-1,19003,matteWare,cerVessel,TRUE,-1,10061,,,,matteWare,artifactTable,TRUE,TRUE,FALSE,FALSE,FALSE,,FALSE,
278,art_cer_gran_tot,grantots,v219,TRUE,-1,19004,granTot,cerVessel,TRUE,-1,10062,,,,granTot,totalsTable,TRUE,TRUE,FALSE,FALSE,FALSE,,FALSE,
279,art_cer_gran_pmic,pmicgran,v219,TRUE,-1,19005,granPMic,cerVessel,TRUE,-1,10063,,,,,,,FALSE,FALSE,TRUE,FALSE,,FALSE,
280,art_cer_gran_micc,miccgran,v219,TRUE,-1,19006,granMicc,cerVessel,TRUE,-1,10064,,,,,,,FALSE,FALSE,TRUE,FALSE,,FALSE,
281,art_cer_gran_tlam,tlamgran,v219,TRUE,-1,19007,granTlam,cerVessel,TRUE,-1,10065,,,,,,,FALSE,FALSE,TRUE,FALSE,,FALSE,
282,art_cer_gran_xola,xolagran,v219,TRUE,-1,19008,granXola,cerVessel,TRUE,-1,10066,,,,,,,FALSE,FALSE,TRUE,FALSE,,FALSE,
283,art_cer_gran_mete,metegran,v219,TRUE,-1,19009,granMete,cerVessel,TRUE,-1,10067,,,,,,,FALSE,FALSE,TRUE,FALSE,,FALSE,
284,art_cer_disk,ceradisk,v219,TRUE,-1,19010,ceramicDisk,cerNonVessel,TRUE,-1,11019,,,,ceramicDisk,artifactTable,TRUE,TRUE,FALSE,FALSE,FALSE,,FALSE,
285,art_lith_obs_wkshp_spence_phase1,sobsiwk1,v219,TRUE,-1,19011,obsidianSpencePhase1,workshop,TRUE,-1,8005,Codes_workshopSpence1,code,description,obsidianSpencePhase1,interpTable,TRUE,TRUE,FALSE,FALSE,FALSE,,TRUE,"0=not believed a workshop; 1=present, Patlachique phase; 2=present, Tzacualli phase; 3=present, Miccaotli-Metepec phase; 4=present, Aztec phase"
286,art_lith_obs_wkshp_spence_phase2,sobsiwk2,v219,TRUE,-1,19012,obsidianSpencePhase2,workshop,TRUE,-1,8006,Codes_workshopSpence2,code,description,obsidianSpencePhase2,interpTable,TRUE,TRUE,FALSE,FALSE,FALSE,,TRUE,0=not a workshop in more than one phase; 1=Patlachique phase; 2=Tzacualli phase; 3=Miccaotli-Metepec phase; 4=Aztec phase
287,art_cer_wkshp_krotser,kcerawks,v219,TRUE,-1,19013,ceramicKrotser,workshop,TRUE,-1,8007,Codes_workshopKrotser,code,description,ceramicKrotser,interpTable,TRUE,TRUE,FALSE,FALSE,FALSE,,TRUE,0=not identified as a workshop; 1=probably or surely a ceramic workshop
288,art_cer_fig_conc_barbour,bfigconc,v220,TRUE,-1,20002,figurineConcBarbour,workshop,TRUE,-1,8008,Codes_figurineConcBarbour,code,description,figurineConcBarbour,interpTable,TRUE,TRUE,FALSE,FALSE,FALSE,,TRUE,0=not identified as a figurine concentration; 1=identified as a figurine concentration
289,arch_struct_area,areastrc,v401,TRUE,-1,41012,areaStruct,description,TRUE,-1,2007,,,,areaStruct,artifactTable,TRUE,TRUE,FALSE,FALSE,FALSE,,FALSE,
290,arch_struct_insubstantial,insubstr,v220,TRUE,-1,20003,insubstantialCount,archInterp,TRUE,-1,5005,,,,,,,FALSE,TRUE,FALSE,FALSE,,FALSE,
291,arch_struct_boundary_dataquality,qualbnd,v220,TRUE,-1,20004,boundInfoQual,archInterp,TRUE,-1,5004,Codes_boundInfoQual,code,description,boundInfoQual,codeTable,TRUE,TRUE,FALSE,FALSE,FALSE,,TRUE,0=boundaries clear; 1=not all boundaries clear; 2=conventional symbols for insubstantial structures
292,arch_plazas_norwood,,,FALSE,,,PlazaNo,Plazas,TRUE,-1,9002,,,,,,,FALSE,TRUE,FALSE,FALSE,,FALSE,
293,art_bone_unworked,wrkdbone,v213,TRUE,-1,13008,unworkedBone,artifactOther,TRUE,-1,15005,,,,unworkedBone,artifactTable,TRUE,TRUE,FALSE,FALSE,FALSE,,FALSE,
294,art_lith_obs_bifaces,,,FALSE,,,,,FALSE,,,,,,obsidianBifaces,artifactTable,TRUE,TRUE,FALSE,FALSE,TRUE,art_lith_obs_points; art_lith_obs_knives,FALSE,
295,art_lith_greenstone_tot,,,FALSE,,,,,FALSE,,,,,,fineGreenstone,artifactTable,TRUE,TRUE,FALSE,FALSE,TRUE,art_lith_serpentine_tot; art_lith_jade_tot,FALSE,
296,art_cer_tot_coyo,,,FALSE,,,,,FALSE,,,,,,totCoyo,artifactTable,TRUE,TRUE,FALSE,FALSE,TRUE,art_cer_tot_oxto; art_cer_tot_xome,FALSE,
297,art_cer_censer_late,,,FALSE,,,,,FALSE,,,,,,censerLate,artifactTable,TRUE,TRUE,FALSE,FALSE,TRUE,art_cer_censer_oxto; art_cer_censer_xome; art_cer_censer_maza; art_cer_censer_aztec,FALSE,
298,art_cer_granular,,,FALSE,,,,,FALSE,,,,,,granular,artifactTable,TRUE,TRUE,FALSE,FALSE,TRUE,art_cer_gran_pmic; art_cer_gran_micc; art_cer_gran_tlam; art_cer_gran_xola; art_cer_gran_mete,FALSE,
